CBSA	MDIV	STCOU	POPESTIMATE2009	NAME
10180			160070	Abilene, TX
10180		48059	13426	Callahan County, TX
10180		48253	18961	Jones County, TX
10180		48441	127683	Taylor County, TX
10420			699935	Akron, OH
10420		39133	157530	Portage County, OH
10420		39153	542405	Summit County, OH
10500			165440	Albany, GA
10500		13007	3637	Baker County, GA
10500		13095	95859	Dougherty County, GA
10500		13177	34410	Lee County, GA
10500		13273	10320	Terrell County, GA
10500		13321	21214	Worth County, GA
10580			857592	Albany-Schenectady-Troy, NY
10580		36001	298284	Albany County, NY
10580		36083	155541	Rensselaer County, NY
10580		36091	220069	Saratoga County, NY
10580		36093	152169	Schenectady County, NY
10580		36095	31529	Schoharie County, NY
10740			857903	Albuquerque, NM
10740		35001	642527	Bernalillo County, NM
10740		35043	125988	Sandoval County, NM
10740		35057	16475	Torrance County, NM
10740		35061	72913	Valencia County, NM
10780			154101	Alexandria, LA
10780		22043	20164	Grant Parish, LA
10780		22079	133937	Rapides Parish, LA
10900			816012	Allentown-Bethlehem-Easton, PA-NJ
10900		34041	109638	Warren County, NJ
10900		42025	63865	Carbon County, PA
10900		42077	343519	Lehigh County, PA
10900		42095	298990	Northampton County, PA
11020			126122	Altoona, PA
11020		42013	126122	Blair County, PA
11100			246474	Amarillo, TX
11100		48011	2065	Armstrong County, TX
11100		48065	6110	Carson County, TX
11100		48375	121816	Potter County, TX
11100		48381	116483	Randall County, TX
11180			87214	Ames, IA
11180		19169	87214	Story County, IA
11260			374553	Anchorage, AK
11260		2020	286174	Anchorage Municipality, AK
11260		2170	88379	Matanuska-Susitna Borough, AK
11300			131417	Anderson, IN
11300		18095	131417	Madison County, IN
11340			184901	Anderson, SC
11340		45007	184901	Anderson County, SC
11460			347563	Ann Arbor, MI
11460		26161	347563	Washtenaw County, MI
11500			114081	Anniston-Oxford, AL
11500		1015	114081	Calhoun County, AL
11540			221894	Appleton, WI
11540		55015	44739	Calumet County, WI
11540		55087	177155	Outagamie County, WI
11700			412672	Asheville, NC
11700		37021	231452	Buncombe County, NC
11700		37087	57109	Haywood County, NC
11700		37089	103669	Henderson County, NC
11700		37115	20442	Madison County, NC
12020			192222	Athens-Clarke County, GA
12020		13059	116342	Clarke County, GA
12020		13195	28232	Madison County, GA
12020		13219	33320	Oconee County, GA
12020		13221	14328	Oglethorpe County, GA
12060			5475213	Atlanta-Sandy Springs-Marietta, GA
12060		13013	72158	Barrow County, GA
12060		13015	96217	Bartow County, GA
12060		13035	24392	Butts County, GA
12060		13045	114778	Carroll County, GA
12060		13057	215084	Cherokee County, GA
12060		13063	275772	Clayton County, GA
12060		13067	714692	Cobb County, GA
12060		13077	127111	Coweta County, GA
12060		13085	22555	Dawson County, GA
12060		13089	747274	DeKalb County, GA
12060		13097	129703	Douglas County, GA
12060		13113	106788	Fayette County, GA
12060		13117	174520	Forsyth County, GA
12060		13121	1033756	Fulton County, GA
12060		13135	808167	Gwinnett County, GA
12060		13143	28890	Haralson County, GA
12060		13149	11528	Heard County, GA
12060		13151	195370	Henry County, GA
12060		13159	13953	Jasper County, GA
12060		13171	17550	Lamar County, GA
12060		13199	22783	Meriwether County, GA
12060		13217	99944	Newton County, GA
12060		13223	136655	Paulding County, GA
12060		13227	31264	Pickens County, GA
12060		13231	17721	Pike County, GA
12060		13247	84569	Rockdale County, GA
12060		13255	64708	Spalding County, GA
12060		13297	87311	Walton County, GA
12100			271712	Atlantic City-Hammonton, NJ
12100		34001	271712	Atlantic County, NJ
12220			135883	Auburn-Opelika, AL
12220		1081	135883	Lee County, AL
12260			539154	Augusta-Richmond County, GA-SC
12260		13033	22797	Burke County, GA
12260		13073	112958	Columbia County, GA
12260		13189	21862	McDuffie County, GA
12260		13245	199768	Richmond County, GA
12260		45003	156017	Aiken County, SC
12260		45037	25752	Edgefield County, SC
12420			1705075	Austin-Round Rock, TX
12420		48021	74876	Bastrop County, TX
12420		48055	37810	Caldwell County, TX
12420		48209	155545	Hays County, TX
12420		48453	1026158	Travis County, TX
12420		48491	410686	Williamson County, TX
12540			807407	Bakersfield, CA
12540		6029	807407	Kern County, CA
12580			2690886	Baltimore-Towson, MD
12580		24003	521209	Anne Arundel County, MD
12580		24005	789814	Baltimore County, MD
12580		24013	170089	Carroll County, MD
12580		24025	242514	Harford County, MD
12580		24027	281884	Howard County, MD
12580		24035	47958	Queen Anne's County, MD
12580		24510	637418	Baltimore city, MD
12620			149419	Bangor, ME
12620		23019	149419	Penobscot County, ME
12700			221151	Barnstable Town, MA
12700		25001	221151	Barnstable County, MA
12940			786947	Baton Rouge, LA
12940		22005	104822	Ascension Parish, LA
12940		22033	434633	East Baton Rouge Parish, LA
12940		22037	20970	East Feliciana Parish, LA
12940		22047	32505	Iberville Parish, LA
12940		22063	123326	Livingston Parish, LA
12940		22077	22447	Pointe Coupee Parish, LA
12940		22091	10551	St. Helena Parish, LA
12940		22121	22638	West Baton Rouge Parish, LA
12940		22125	15055	West Feliciana Parish, LA
12980			135616	Battle Creek, MI
12980		26025	135616	Calhoun County, MI
13020			107434	Bay City, MI
13020		26017	107434	Bay County, MI
13140			378477	Beaumont-Port Arthur, TX
13140		48199	53424	Hardin County, TX
13140		48245	243237	Jefferson County, TX
13140		48361	81816	Orange County, TX
13380			200434	Bellingham, WA
13380		53073	200434	Whatcom County, WA
13460			158629	Bend, OR
13460		41017	158629	Deschutes County, OR
13740			154553	Billings, MT
13740		30009	9756	Carbon County, MT
13740		30111	144797	Yellowstone County, MT
13780			244694	Binghamton, NY
13780		36007	194630	Broome County, NY
13780		36107	50064	Tioga County, NY
13820			1131070	Birmingham-Hoover, AL
13820		1007	21587	Bibb County, AL
13820		1009	58345	Blount County, AL
13820		1021	42971	Chilton County, AL
13820		1073	665027	Jefferson County, AL
13820		1115	81895	St. Clair County, AL
13820		1117	192503	Shelby County, AL
13820		1127	68742	Walker County, AL
13900			106286	Bismarck, ND
13900		38015	79822	Burleigh County, ND
13900		38059	26464	Morton County, ND
13980			159587	Blacksburg-Christiansburg-Radford, VA
13980		51071	17358	Giles County, VA
13980		51121	91023	Montgomery County, VA
13980		51155	35022	Pulaski County, VA
13980		51750	16184	Radford city, VA
14020			185598	Bloomington, IN
14020		18055	32463	Greene County, IN
14020		18105	130738	Monroe County, IN
14020		18119	22397	Owen County, IN
14060			167699	Bloomington-Normal, IL
14060		17113	167699	McLean County, IL
14260			606376	Boise City-Nampa, ID
14260		16001	384656	Ada County, ID
14260		16015	7445	Boise County, ID
14260		16027	186615	Canyon County, ID
14260		16045	16437	Gem County, ID
14260		16073	11223	Owyhee County, ID
14460			4588680	Boston-Cambridge-Quincy, MA-NH
14460	14484		1918227	Boston-Quincy, MA
14460	14484	25021	666303	Norfolk County, MA
14460	14484	25023	498344	Plymouth County, MA
14460	14484	25025	753580	Suffolk County, MA
14460	15764		1505006	Cambridge-Newton-Framingham, MA
14460	15764	25017	1505006	Middlesex County, MA
14460	37764		742582	Peabody, MA
14460	37764	25009	742582	Essex County, MA
14460	40484		422865	Rockingham County-Strafford County, NH
14460	40484	33015	299276	Rockingham County, NH
14460	40484	33017	123589	Strafford County, NH
14500			303482	Boulder, CO /1
14500		8013	303482	Boulder County, CO /1
14540			120595	Bowling Green, KY
14540		21061	11926	Edmonson County, KY
14540		21227	108669	Warren County, KY
14600			688126	Bradenton-Sarasota-Venice, FL
14600		12081	318361	Manatee County, FL
14600		12115	369765	Sarasota County, FL
14740			240862	Bremerton-Silverdale, WA
14740		53035	240862	Kitsap County, WA
14860			901208	Bridgeport-Stamford-Norwalk, CT
14860		9001	901208	Fairfield County, CT
15180			396371	Brownsville-Harlingen, TX
15180		48061	396371	Cameron County, TX
15260			103841	Brunswick, GA
15260		13025	15643	Brantley County, GA
15260		13127	76820	Glynn County, GA
15260		13191	11378	McIntosh County, GA
15380			1123804	Buffalo-Niagara Falls, NY
15380		36029	909247	Erie County, NY
15380		36063	214557	Niagara County, NY
15500			150358	Burlington, NC
15500		37001	150358	Alamance County, NC
15540			208055	Burlington-South Burlington, VT
15540		50007	152313	Chittenden County, VT
15540		50011	48182	Franklin County, VT
15540		50013	7560	Grand Isle County, VT
15940			408005	Canton-Massillon, OH
15940		39019	28539	Carroll County, OH
15940		39151	379466	Stark County, OH
15980			586908	Cape Coral-Fort Myers, FL
15980		12071	586908	Lee County, FL
16020			93712	Cape Girardeau-Jackson, MO-IL
16020		17003	7914	Alexander County, IL
16020		29017	11841	Bollinger County, MO
16020		29031	73957	Cape Girardeau County, MO
16180			55176	Carson City, NV
16180		32510	55176	Carson City, NV
16220			74508	Casper, WY
16220		56025	74508	Natrona County, WY
16300			256324	Cedar Rapids, IA
16300		19011	26734	Benton County, IA
16300		19105	20364	Jones County, IA
16300		19113	209226	Linn County, IA
16580			226132	Champaign-Urbana, IL
16580		17019	195671	Champaign County, IL
16580		17053	13911	Ford County, IL
16580		17147	16550	Piatt County, IL
16620			304214	Charleston, WV
16620		54005	24709	Boone County, WV
16620		54015	10022	Clay County, WV
16620		54039	191663	Kanawha County, WV
16620		54043	22147	Lincoln County, WV
16620		54079	55673	Putnam County, WV
16700			659191	Charleston-North Charleston-Summerville, SC
16700		45015	173498	Berkeley County, SC
16700		45019	355276	Charleston County, SC
16700		45035	130417	Dorchester County, SC
16740			1745524	Charlotte-Gastonia-Concord, NC-SC
16740		37007	25056	Anson County, NC
16740		37025	172223	Cabarrus County, NC
16740		37071	208958	Gaston County, NC
16740		37119	913639	Mecklenburg County, NC
16740		37179	198645	Union County, NC
16740		45091	227003	York County, SC
16820			196766	Charlottesville, VA
16820		51003	94908	Albemarle County, VA
16820		51065	25732	Fluvanna County, VA
16820		51079	18421	Greene County, VA
16820		51125	15487	Nelson County, VA
16820		51540	42218	Charlottesville city, VA
16860			524303	Chattanooga, TN-GA
16860		13047	64035	Catoosa County, GA
16860		13083	16127	Dade County, GA
16860		13295	64983	Walker County, GA
16860		47065	337175	Hamilton County, TN
16860		47115	28068	Marion County, TN
16860		47153	13915	Sequatchie County, TN
16940			88854	Cheyenne, WY
16940		56021	88854	Laramie County, WY
16980			9580567	Chicago-Naperville-Joliet, IL-IN-WI
16980	16974		7998257	Chicago-Naperville-Joliet, IL
16980	16974	17031	5287037	Cook County, IL
16980	16974	17037	107333	DeKalb County, IL
16980	16974	17043	932541	DuPage County, IL
16980	16974	17063	48421	Grundy County, IL
16980	16974	17089	511892	Kane County, IL
16980	16974	17093	104821	Kendall County, IL
16980	16974	17111	320961	McHenry County, IL
16980	16974	17197	685251	Will County, IL
16980	23844		704361	Gary, IN
16980	23844	18073	32816	Jasper County, IN
16980	23844	18089	494211	Lake County, IN
16980	23844	18111	13736	Newton County, IN
16980	23844	18127	163598	Porter County, IN
16980	29404		877949	Lake County-Kenosha County, IL-WI
16980	29404	17097	712567	Lake County, IL
16980	29404	55059	165382	Kenosha County, WI
17020			220577	Chico, CA
17020		6007	220577	Butte County, CA
17140			2171896	Cincinnati-Middletown, OH-KY-IN
17140		18029	50502	Dearborn County, IN
17140		18047	23148	Franklin County, IN
17140		18115	5909	Ohio County, IN
17140		21015	118576	Boone County, KY
17140		21023	8653	Bracken County, KY
17140		21037	88423	Campbell County, KY
17140		21077	8202	Gallatin County, KY
17140		21081	25542	Grant County, KY
17140		21117	158729	Kenton County, KY
17140		21191	14887	Pendleton County, KY
17140		39015	44003	Brown County, OH
17140		39017	363184	Butler County, OH
17140		39025	196364	Clermont County, OH
17140		39061	855062	Hamilton County, OH
17140		39165	210712	Warren County, OH
17300			268546	Clarksville, TN-KY
17300		21047	80938	Christian County, KY
17300		21221	13290	Trigg County, KY
17300		47125	160978	Montgomery County, TN
17300		47161	13340	Stewart County, TN
17420			113358	Cleveland, TN
17420		47011	97710	Bradley County, TN
17420		47139	15648	Polk County, TN
17460			2091286	Cleveland-Elyria-Mentor, OH
17460		39035	1275709	Cuyahoga County, OH
17460		39055	99060	Geauga County, OH
17460		39085	236775	Lake County, OH
17460		39093	305707	Lorain County, OH
17460		39103	174035	Medina County, OH
17660			139390	Coeur d'Alene, ID
17660		16055	139390	Kootenai County, ID
17780			212268	College Station-Bryan, TX
17780		48041	179992	Brazos County, TX
17780		48051	16570	Burleson County, TX
17780		48395	15706	Robertson County, TX
17820			626227	Colorado Springs, CO
17820		8041	604542	El Paso County, CO
17820		8119	21685	Teller County, CO
17860			166234	Columbia, MO
17860		29019	156377	Boone County, MO
17860		29089	9857	Howard County, MO
17900			744730	Columbia, SC
17900		45017	14621	Calhoun County, SC
17900		45039	23343	Fairfield County, SC
17900		45055	60042	Kershaw County, SC
17900		45063	255607	Lexington County, SC
17900		45079	372023	Richland County, SC
17900		45081	19094	Saluda County, SC
17980			292795	Columbus, GA-AL
17980		1113	50846	Russell County, AL
17980		13053	14402	Chattahoochee County, GA
17980		13145	30138	Harris County, GA
17980		13197	6995	Marion County, GA
17980		13215	190414	Muscogee County, GA
18020			76063	Columbus, IN
18020		18005	76063	Bartholomew County, IN
18140			1801848	Columbus, OH
18140		39041	168708	Delaware County, OH
18140		39045	143712	Fairfield County, OH
18140		39049	1150122	Franklin County, OH
18140		39089	158488	Licking County, OH
18140		39097	42539	Madison County, OH
18140		39117	34642	Morrow County, OH
18140		39129	54734	Pickaway County, OH
18140		39159	48903	Union County, OH
18580			416095	Corpus Christi, TX
18580		48007	24826	Aransas County, TX
18580		48355	323046	Nueces County, TX
18580		48409	68223	San Patricio County, TX
18700			82605	Corvallis, OR
18700		41003	82605	Benton County, OR
19060			99736	Cumberland, MD-WV
19060		24001	72532	Allegany County, MD
19060		54057	27204	Mineral County, WV
19100			6447615	Dallas-Fort Worth-Arlington, TX
19100	19124		4326384	Dallas-Plano-Irving, TX
19100	19124	48085	791631	Collin County, TX
19100	19124	48113	2451730	Dallas County, TX
19100	19124	48119	5410	Delta County, TX
19100	19124	48121	658616	Denton County, TX
19100	19124	48139	151737	Ellis County, TX
19100	19124	48231	82831	Hunt County, TX
19100	19124	48257	103038	Kaufman County, TX
19100	19124	48397	81391	Rockwall County, TX
19100	23104		2121231	Fort Worth-Arlington, TX
19100	23104	48251	156997	Johnson County, TX
19100	23104	48367	114919	Parker County, TX
19100	23104	48439	1789900	Tarrant County, TX
19100	23104	48497	59415	Wise County, TX
19140			134319	Dalton, GA
19140		13213	40621	Murray County, GA
19140		13313	93698	Whitfield County, GA
19180			80067	Danville, IL
19180		17183	80067	Vermilion County, IL
19260			105814	Danville, VA
19260		51143	61414	Pittsylvania County, VA
19260		51590	44400	Danville city, VA
19340			379066	Davenport-Moline-Rock Island, IA-IL
19340		17073	49314	Henry County, IL
19340		17131	16276	Mercer County, IL
19340		17161	146826	Rock Island County, IL
19340		19163	166650	Scott County, IA
19380			835063	Dayton, OH
19380		39057	159823	Greene County, OH
19380		39109	101256	Miami County, OH
19380		39113	532562	Montgomery County, OH
19380		39135	41422	Preble County, OH
19460			151399	Decatur, AL
19460		1079	34106	Lawrence County, AL
19460		1103	117293	Morgan County, AL
19500			108204	Decatur, IL
19500		17115	108204	Macon County, IL
19660			495890	Deltona-Daytona Beach-Ormond Beach, FL
19660		12127	495890	Volusia County, FL
19740			2552195	Denver-Aurora-Broomfield, CO /1
19740		8001	440994	Adams County, CO /1
19740		8005	565360	Arapahoe County, CO /1
19740		8014	55990	Broomfield County, CO /1
19740		8019	8706	Clear Creek County, CO /1
19740		8031	610345	Denver County, CO /1
19740		8035	288225	Douglas County, CO /1
19740		8039	23287	Elbert County, CO /1
19740		8047	5604	Gilpin County, CO /1
19740		8059	536922	Jefferson County, CO /1
19740		8093	16762	Park County, CO /1
19780			562906	Des Moines-West Des Moines, IA
19780		19049	61950	Dallas County, IA
19780		19077	10833	Guthrie County, IA
19780		19121	15409	Madison County, IA
19780		19153	429439	Polk County, IA
19780		19181	45275	Warren County, IA
19820			4403437	Detroit-Warren-Livonia, MI
19820	19804		1925848	Detroit-Livonia-Dearborn, MI
19820	19804	26163	1925848	Wayne County, MI
19820	47644		2477589	Warren-Troy-Farmington Hills, MI
19820	47644	26087	89974	Lapeer County, MI
19820	47644	26093	183118	Livingston County, MI
19820	47644	26099	831427	Macomb County, MI
19820	47644	26125	1205508	Oakland County, MI
19820	47644	26147	167562	St. Clair County, MI
20020			142693	Dothan, AL
20020		1061	25961	Geneva County, AL
20020		1067	16647	Henry County, AL
20020		1069	100085	Houston County, AL
20100			157741	Dover, DE
20100		10001	157741	Kent County, DE
20220			93072	Dubuque, IA
20220		19061	93072	Dubuque County, IA
20260			276368	Duluth, MN-WI
20260		27017	34327	Carlton County, MN
20260		27137	197767	St. Louis County, MN
20260		55031	44274	Douglas County, WI
20500			501228	Durham-Chapel Hill, NC
20500		37037	64772	Chatham County, NC
20500		37063	269706	Durham County, NC
20500		37135	129083	Orange County, NC
20500		37145	37667	Person County, NC
20740			160018	Eau Claire, WI
20740		55017	60609	Chippewa County, WI
20740		55035	99409	Eau Claire County, WI
20940			166874	El Centro, CA
20940		6025	166874	Imperial County, CA
21060			113433	Elizabethtown, KY
21060		21093	99770	Hardin County, KY
21060		21123	13663	Larue County, KY
21140			200502	Elkhart-Goshen, IN
21140		18039	200502	Elkhart County, IN
21300			88331	Elmira, NY
21300		36015	88331	Chemung County, NY
21340			751296	El Paso, TX
21340		48141	751296	El Paso County, TX
21500			280291	Erie, PA
21500		42049	280291	Erie County, PA
21660			351109	Eugene-Springfield, OR
21660		41039	351109	Lane County, OR
21780			351911	Evansville, IN-KY
21780		18051	32750	Gibson County, IN
21780		18129	26004	Posey County, IN
21780		18163	175434	Vanderburgh County, IN
21780		18173	58521	Warrick County, IN
21780		21101	45496	Henderson County, KY
21780		21233	13706	Webster County, KY
21820			98660	Fairbanks, AK
21820		2090	98660	Fairbanks North Star Borough, AK
22020			200102	Fargo, ND-MN
22020		27027	56763	Clay County, MN
22020		38017	143339	Cass County, ND
22140			124131	Farmington, NM
22140		35045	124131	San Juan County, NM
22180			360355	Fayetteville, NC
22180		37051	315207	Cumberland County, NC
22180		37093	45148	Hoke County, NC
22220			464623	Fayetteville-Springdale-Rogers, AR-MO
22220		5007	225504	Benton County, AR
22220		5087	15875	Madison County, AR
22220		5143	200181	Washington County, AR
22220		29119	23063	McDonald County, MO
22380			129849	Flagstaff, AZ
22380		4005	129849	Coconino County, AZ
22420			424043	Flint, MI
22420		26049	424043	Genesee County, MI
22500			200653	Florence, SC
22500		45031	66445	Darlington County, SC
22500		45041	134208	Florence County, SC
22520			144238	Florence-Muscle Shoals, AL
22520		1033	54639	Colbert County, AL
22520		1077	89599	Lauderdale County, AL
22540			100070	Fond du Lac, WI
22540		55039	100070	Fond du Lac County, WI
22660			298382	Fort Collins-Loveland, CO
22660		8069	298382	Larimer County, CO
22900			293063	Fort Smith, AR-OK
22900		5033	60102	Crawford County, AR
22900		5047	18016	Franklin County, AR
22900		5131	123597	Sebastian County, AR
22900		40079	49915	Le Flore County, OK
22900		40135	41433	Sequoyah County, OK
23020			178473	Fort Walton Beach-Crestview-Destin, FL
23020		12091	178473	Okaloosa County, FL
23060			414315	Fort Wayne, IN
23060		18003	353888	Allen County, IN
23060		18179	27566	Wells County, IN
23060		18183	32861	Whitley County, IN
23420			915267	Fresno, CA
23420		6019	915267	Fresno County, CA
23460			103645	Gadsden, AL
23460		1055	103645	Etowah County, AL
23540			260690	Gainesville, FL
23540		12001	243574	Alachua County, FL
23540		12041	17116	Gilchrist County, FL
23580			187743	Gainesville, GA
23580		13139	187743	Hall County, GA
24020			128774	Glens Falls, NY
24020		36113	66021	Warren County, NY
24020		36115	62753	Washington County, NY
24140			113811	Goldsboro, NC
24140		37191	113811	Wayne County, NC
24220			97190	Grand Forks, ND-MN
24220		27119	30776	Polk County, MN
24220		38035	66414	Grand Forks County, ND
24300			146093	Grand Junction, CO
24300		8077	146093	Mesa County, CO
24340			778009	Grand Rapids-Wyoming, MI
24340		26015	58434	Barry County, MI
24340		26067	62574	Ionia County, MI
24340		26081	608315	Kent County, MI
24340		26123	48686	Newaygo County, MI
24500			82178	Great Falls, MT
24500		30013	82178	Cascade County, MT
24540			254759	Greeley, CO /1
24540		8123	254759	Weld County, CO /1
24580			304783	Green Bay, WI
24580		55009	247319	Brown County, WI
24580		55061	20315	Kewaunee County, WI
24580		55083	37149	Oconto County, WI
24660			714765	Greensboro-High Point, NC
24660		37081	480362	Guilford County, NC
24660		37151	142151	Randolph County, NC
24660		37157	92252	Rockingham County, NC
24780			179715	Greenville, NC
24780		37079	20658	Greene County, NC
24780		37147	159057	Pitt County, NC
24860			639617	Greenville-Mauldin-Easley, SC
24860		45045	451428	Greenville County, SC
24860		45059	70045	Laurens County, SC
24860		45077	118144	Pickens County, SC
25060			238772	Gulfport-Biloxi, MS
25060		28045	40962	Hancock County, MS
25060		28047	181191	Harrison County, MS
25060		28131	16619	Stone County, MS
25180			266149	Hagerstown-Martinsburg, MD-WV
25180		24043	145910	Washington County, MD
25180		54003	103854	Berkeley County, WV
25180		54065	16385	Morgan County, WV
25260			148764	Hanford-Corcoran, CA
25260		6031	148764	Kings County, CA
25420			536919	Harrisburg-Carlisle, PA
25420		42041	232483	Cumberland County, PA
25420		42043	258934	Dauphin County, PA
25420		42099	45502	Perry County, PA
25500			120271	Harrisonburg, VA
25500		51165	75134	Rockingham County, VA
25500		51660	45137	Harrisonburg city, VA
25540			1195998	Hartford-West Hartford-East Hartford, CT
25540		9003	879835	Hartford County, CT
25540		9007	165702	Middlesex County, CT
25540		9013	150461	Tolland County, CT
25620			143093	Hattiesburg, MS
25620		28035	81078	Forrest County, MS
25620		28073	49980	Lamar County, MS
25620		28111	12035	Perry County, MS
25860			365364	Hickory-Lenoir-Morganton, NC
25860		37003	36777	Alexander County, NC
25860		37023	89548	Burke County, NC
25860		37027	79914	Caldwell County, NC
25860		37035	159125	Catawba County, NC
25980			74420	Hinesville-Fort Stewart, GA
25980		13179	62186	Liberty County, GA
25980		13183	12234	Long County, GA
26100			261957	Holland-Grand Haven, MI
26100		26139	261957	Ottawa County, MI
26180			907574	Honolulu, HI
26180		15003	907574	Honolulu County, HI
26300			98479	Hot Springs, AR
26300		5051	98479	Garland County, AR
26380			202973	Houma-Bayou Cane-Thibodaux, LA
26380		22057	93682	Lafourche Parish, LA
26380		22109	109291	Terrebonne Parish, LA
26420			5867489	Houston-Sugar Land-Baytown, TX
26420		48015	27248	Austin County, TX
26420		48039	309208	Brazoria County, TX
26420		48071	31431	Chambers County, TX
26420		48157	556870	Fort Bend County, TX
26420		48167	286814	Galveston County, TX
26420		48201	4070989	Harris County, TX
26420		48291	75779	Liberty County, TX
26420		48339	447718	Montgomery County, TX
26420		48407	24902	San Jacinto County, TX
26420		48473	36530	Waller County, TX
26580			285624	Huntington-Ashland, WV-KY-OH
26580		21019	48527	Boyd County, KY
26580		21089	38020	Greenup County, KY
26580		39087	62744	Lawrence County, OH
26580		54011	95214	Cabell County, WV
26580		54099	41119	Wayne County, WV
26620			406316	Huntsville, AL
26620		1083	78572	Limestone County, AL
26620		1089	327744	Madison County, AL
26820			126131	Idaho Falls, ID
26820		16019	101329	Bonneville County, ID
26820		16051	24802	Jefferson County, ID
26900			1743658	Indianapolis-Carmel, IN
26900		18011	56287	Boone County, IN
26900		18013	14548	Brown County, IN
26900		18057	279287	Hamilton County, IN
26900		18059	68334	Hancock County, IN
26900		18063	140606	Hendricks County, IN
26900		18081	141501	Johnson County, IN
26900		18097	890879	Marion County, IN
26900		18109	70876	Morgan County, IN
26900		18133	36837	Putnam County, IN
26900		18145	44503	Shelby County, IN
26980			152263	Iowa City, IA
26980		19103	131005	Johnson County, IA
26980		19183	21258	Washington County, IA
27060			101779	Ithaca, NY
27060		36109	101779	Tompkins County, NY
27100			159828	Jackson, MI
27100		26075	159828	Jackson County, MI
27140			540866	Jackson, MS
27140		28029	29094	Copiah County, MS
27140		28049	247631	Hinds County, MS
27140		28089	93097	Madison County, MS
27140		28121	143124	Rankin County, MS
27140		28127	27920	Simpson County, MS
27180			113629	Jackson, TN
27180		47023	16312	Chester County, TN
27180		47113	97317	Madison County, TN
27260			1328144	Jacksonville, FL
27260		12003	26336	Baker County, FL
27260		12019	186756	Clay County, FL
27260		12031	857040	Duval County, FL
27260		12089	70576	Nassau County, FL
27260		12109	187436	St. Johns County, FL
27340			173064	Jacksonville, NC
27340		37133	173064	Onslow County, NC
27500			160155	Janesville, WI
27500		55105	160155	Rock County, WI
27620			147438	Jefferson City, MO
27620		29027	43727	Callaway County, MO
27620		29051	75018	Cole County, MO
27620		29135	15132	Moniteau County, MO
27620		29151	13561	Osage County, MO
27740			197381	Johnson City, TN
27740		47019	59043	Carter County, TN
27740		47171	17740	Unicoi County, TN
27740		47179	120598	Washington County, TN
27780			143998	Johnstown, PA
27780		42021	143998	Cambria County, PA
27860			120139	Jonesboro, AR
27860		5031	95457	Craighead County, AR
27860		5111	24682	Poinsett County, AR
27900			174300	Joplin, MO
27900		29097	118179	Jasper County, MO
27900		29145	56121	Newton County, MO
28020			326634	Kalamazoo-Portage, MI
28020		26077	248407	Kalamazoo County, MI
28020		26159	78227	Van Buren County, MI
28100			113215	Kankakee-Bradley, IL
28100		17091	113215	Kankakee County, IL
28140			2067585	Kansas City, MO-KS
28140		20059	26441	Franklin County, KS
28140		20091	542737	Johnson County, KS
28140		20103	75227	Leavenworth County, KS
28140		20107	9335	Linn County, KS
28140		20121	30969	Miami County, KS
28140		20209	155085	Wyandotte County, KS
28140		29013	16761	Bates County, MO
28140		29025	9160	Caldwell County, MO
28140		29037	100184	Cass County, MO
28140		29047	228358	Clay County, MO
28140		29049	21002	Clinton County, MO
28140		29095	705708	Jackson County, MO
28140		29107	32572	Lafayette County, MO
28140		29165	90688	Platte County, MO
28140		29177	23358	Ray County, MO
28420			245649	Kennewick-Pasco-Richland, WA
28420		53005	168294	Benton County, WA
28420		53021	77355	Franklin County, WA
28660			379231	Killeen-Temple-Fort Hood, TX
28660		48027	285787	Bell County, TX
28660		48099	72529	Coryell County, TX
28660		48281	20915	Lampasas County, TX
28700			305629	Kingsport-Bristol-Bristol, TN-VA
28700		47073	57784	Hawkins County, TN
28700		47163	154552	Sullivan County, TN
28700		51169	22585	Scott County, VA
28700		51191	53018	Washington County, VA
28700		51520	17690	Bristol city, VA
28740			181440	Kingston, NY
28740		36111	181440	Ulster County, NY
28940			699247	Knoxville, TN
28940		47001	74849	Anderson County, TN
28940		47009	122784	Blount County, TN
28940		47093	435725	Knox County, TN
28940		47105	46725	Loudon County, TN
28940		47173	19164	Union County, TN
29020			98787	Kokomo, IN
29020		18067	82895	Howard County, IN
29020		18159	15892	Tipton County, IN
29100			132923	La Crosse, WI-MN
29100		27055	19244	Houston County, MN
29100		55063	113679	La Crosse County, WI
29140			196329	Lafayette, IN
29140		18007	8613	Benton County, IN
29140		18015	19752	Carroll County, IN
29140		18157	167964	Tippecanoe County, IN
29180			263171	Lafayette, LA
29180		22055	210954	Lafayette Parish, LA
29180		22099	52217	St. Martin Parish, LA
29340			194138	Lake Charles, LA
29340		22019	187554	Calcasieu Parish, LA
29340		22023	6584	Cameron Parish, LA
29420			194825	Lake Havasu City-Kingman, AZ
29420		4015	194825	Mohave County, AZ
29460			583403	Lakeland-Winter Haven, FL
29460		12105	583403	Polk County, FL
29540			507766	Lancaster, PA
29540		42071	507766	Lancaster County, PA
29620			453603	Lansing-East Lansing, MI
29620		26037	69893	Clinton County, MI
29620		26045	106077	Eaton County, MI
29620		26065	277633	Ingham County, MI
29700			241438	Laredo, TX
29700		48479	241438	Webb County, TX
29740			206419	Las Cruces, NM
29740		35013	206419	Doa Ana County, NM
29820			1902834	Las Vegas-Paradise, NV
29820		32003	1902834	Clark County, NV
29940			116383	Lawrence, KS
29940		20045	116383	Douglas County, KS
30020			113228	Lawton, OK
30020		40031	113228	Comanche County, OK
30140			130506	Lebanon, PA
30140		42075	130506	Lebanon County, PA
30300			60643	Lewiston, ID-WA
30300		16069	39211	Nez Perce County, ID
30300		53003	21432	Asotin County, WA
30340			106539	Lewiston-Auburn, ME
30340		23001	106539	Androscoggin County, ME
30460			470849	Lexington-Fayette, KY
30460		21017	19729	Bourbon County, KY
30460		21049	36159	Clark County, KY
30460		21067	296545	Fayette County, KY
30460		21113	47589	Jessamine County, KY
30460		21209	45841	Scott County, KY
30460		21239	24986	Woodford County, KY
30620			104357	Lima, OH
30620		39003	104357	Allen County, OH
30700			298012	Lincoln, NE
30700		31109	281531	Lancaster County, NE
30700		31159	16481	Seward County, NE
30780			685488	Little Rock-North Little Rock-Conway, AR
30780		5045	109386	Faulkner County, AR
30780		5053	17760	Grant County, AR
30780		5085	66677	Lonoke County, AR
30780		5105	10312	Perry County, AR
30780		5119	381904	Pulaski County, AR
30780		5125	99449	Saline County, AR
30860			127945	Logan, UT-ID
30860		16041	12676	Franklin County, ID
30860		49005	115269	Cache County, UT
30980			206874	Longview, TX
30980		48183	119637	Gregg County, TX
30980		48401	49180	Rusk County, TX
30980		48459	38057	Upshur County, TX
31020			101966	Longview, WA
31020		53015	101966	Cowlitz County, WA
31100			12874797	Los Angeles-Long Beach-Santa Ana, CA
31100	31084		9848011	Los Angeles-Long Beach-Glendale, CA
31100	31084	6037	9848011	Los Angeles County, CA
31100	42044		3026786	Santa Ana-Anaheim-Irvine, CA
31100	42044	6059	3026786	Orange County, CA
31140			1258577	Louisville/Jefferson County, KY-IN
31140		18019	108634	Clark County, IN
31140		18043	74426	Floyd County, IN
31140		18061	37562	Harrison County, IN
31140		18175	27729	Washington County, IN
31140		21029	75653	Bullitt County, KY
31140		21103	16060	Henry County, KY
31140		21111	721594	Jefferson County, KY
31140		21163	26501	Meade County, KY
31140		21179	43550	Nelson County, KY
31140		21185	58095	Oldham County, KY
31140		21211	42078	Shelby County, KY
31140		21215	17737	Spencer County, KY
31140		21223	8958	Trimble County, KY
31180			276659	Lubbock, TX
31180		48107	6109	Crosby County, TX
31180		48303	270550	Lubbock County, TX
31340			247447	Lynchburg, VA
31340		51009	32482	Amherst County, VA
31340		51011	14552	Appomattox County, VA
31340		51019	67154	Bedford County, VA
31340		51031	52976	Campbell County, VA
31340		51515	6350	Bedford city, VA
31340		51680	73933	Lynchburg city, VA
31420			231576	Macon, GA
31420		13021	156060	Bibb County, GA
31420		13079	12240	Crawford County, GA
31420		13169	27740	Jones County, GA
31420		13207	25425	Monroe County, GA
31420		13289	10111	Twiggs County, GA
31460			148632	Madera-Chowchilla, CA
31460		6039	148632	Madera County, CA
31540			570025	Madison, WI
31540		55021	55170	Columbia County, WI
31540		55025	491357	Dane County, WI
31540		55049	23498	Iowa County, WI
31700			405906	Manchester-Nashua, NH
31700		33011	405906	Hillsborough County, NH
31740			123086	Manhattan, KS
31740		20061	31751	Geary County, KS
31740		20149	19994	Pottawatomie County, KS
31740		20161	71341	Riley County, KS
31860			93234	Mankato-North Mankato, MN
31860		27013	61010	Blue Earth County, MN
31860		27103	32224	Nicollet County, MN
31900			124490	Mansfield, OH
31900		39139	124490	Richland County, OH
32580			741152	McAllen-Edinburg-Mission, TX
32580		48215	741152	Hidalgo County, TX
32780			201286	Medford, OR
32780		41029	201286	Jackson County, OR
32820			1304926	Memphis, TN-MS-AR
32820		5035	53022	Crittenden County, AR
32820		28033	158719	DeSoto County, MS
32820		28093	36900	Marshall County, MS
32820		28137	27337	Tate County, MS
32820		28143	10436	Tunica County, MS
32820		47047	38785	Fayette County, TN
32820		47157	920232	Shelby County, TN
32820		47167	59495	Tipton County, TN
32900			245321	Merced, CA
32900		6047	245321	Merced County, CA
33100			5547051	Miami-Fort Lauderdale-Pompano Beach, FL
33100	22744		1766476	Fort Lauderdale-Pompano Beach-Deerfield Beach, FL
33100	22744	12011	1766476	Broward County, FL
33100	33124		2500625	Miami-Miami Beach-Kendall, FL
33100	33124	12086	2500625	Miami-Dade County, FL
33100	48424		1279950	West Palm Beach-Boca Raton-Boynton Beach, FL
33100	48424	12099	1279950	Palm Beach County, FL
33140			111063	Michigan City-La Porte, IN
33140		18091	111063	LaPorte County, IN
33260			132316	Midland, TX
33260		48329	132316	Midland County, TX
33340			1559667	Milwaukee-Waukesha-West Allis, WI
33340		55079	959521	Milwaukee County, WI
33340		55089	86311	Ozaukee County, WI
33340		55131	130681	Washington County, WI
33340		55133	383154	Waukesha County, WI
33460			3269814	Minneapolis-St. Paul-Bloomington, MN-WI
33460		27003	331582	Anoka County, MN
33460		27019	92107	Carver County, MN
33460		27025	50625	Chisago County, MN
33460		27037	396500	Dakota County, MN
33460		27053	1156212	Hennepin County, MN
33460		27059	39442	Isanti County, MN
33460		27123	506278	Ramsey County, MN
33460		27139	131939	Scott County, MN
33460		27141	87832	Sherburne County, MN
33460		27163	231958	Washington County, MN
33460		27171	121907	Wright County, MN
33460		55093	40081	Pierce County, WI
33460		55109	83351	St. Croix County, WI
33540			108623	Missoula, MT
33540		30063	108623	Missoula County, MT
33660			411721	Mobile, AL
33660		1097	411721	Mobile County, AL
33700			510385	Modesto, CA
33700		6099	510385	Stanislaus County, CA
33740			174086	Monroe, LA
33740		22073	151502	Ouachita Parish, LA
33740		22111	22584	Union Parish, LA
33780			152721	Monroe, MI
33780		26115	152721	Monroe County, MI
33860			366401	Montgomery, AL
33860		1001	50756	Autauga County, AL
33860		1051	79233	Elmore County, AL
33860		1085	12293	Lowndes County, AL
33860		1101	224119	Montgomery County, AL
34060			120327	Morgantown, WV
34060		54061	90080	Monongalia County, WV
34060		54077	30247	Preston County, WV
34100			137612	Morristown, TN
34100		47057	22857	Grainger County, TN
34100		47063	63033	Hamblen County, TN
34100		47089	51722	Jefferson County, TN
34580			119534	Mount Vernon-Anacortes, WA
34580		53057	119534	Skagit County, WA
34620			115192	Muncie, IN
34620		18035	115192	Delaware County, IN
34740			173951	Muskegon-Norton Shores, MI
34740		26121	173951	Muskegon County, MI
34820			263868	Myrtle Beach-North Myrtle Beach-Conway, SC
34820		45051	263868	Horry County, SC
34900			134650	Napa, CA
34900		6055	134650	Napa County, CA
34940			318537	Naples-Marco Island, FL
34940		12021	318537	Collier County, FL
34980			1582264	Nashville-Davidson--Murfreesboro--Franklin, TN
34980		47015	13860	Cannon County, TN
34980		47021	39876	Cheatham County, TN
34980		47037	635710	Davidson County, TN
34980		47043	48230	Dickson County, TN
34980		47081	23805	Hickman County, TN
34980		47111	22057	Macon County, TN
34980		47147	66581	Robertson County, TN
34980		47149	257048	Rutherford County, TN
34980		47159	19201	Smith County, TN
34980		47165	158759	Sumner County, TN
34980		47169	7922	Trousdale County, TN
34980		47187	176838	Williamson County, TN
34980		47189	112377	Wilson County, TN
35300			848006	New Haven-Milford, CT
35300		9009	848006	New Haven County, CT
35380			1189981	New Orleans-Metairie-Kenner, LA
35380		22051	443342	Jefferson Parish, LA
35380		22071	354850	Orleans Parish, LA
35380		22075	20942	Plaquemines Parish, LA
35380		22087	40655	St. Bernard Parish, LA
35380		22089	51611	St. Charles Parish, LA
35380		22095	47086	St. John the Baptist Parish, LA
35380		22103	231495	St. Tammany Parish, LA
35620			19069796	New York-Northern New Jersey-Long Island, NY-NJ-PA
35620	20764		2335390	Edison-New Brunswick, NJ
35620	20764	34023	790738	Middlesex County, NJ
35620	20764	34025	644105	Monmouth County, NJ
35620	20764	34029	573678	Ocean County, NJ
35620	20764	34035	326869	Somerset County, NJ
35620	35004		2875904	Nassau-Suffolk, NY
35620	35004	36059	1357429	Nassau County, NY
35620	35004	36103	1518475	Suffolk County, NY
35620	35084		2126269	Newark-Union, NJ-PA
35620	35084	34013	769644	Essex County, NJ
35620	35084	34019	130034	Hunterdon County, NJ
35620	35084	34027	488518	Morris County, NJ
35620	35084	34037	151118	Sussex County, NJ
35620	35084	34039	526426	Union County, NJ
35620	35084	42103	60529	Pike County, PA
35620	35644		11732233	New York-White Plains-Wayne, NY-NJ
35620	35644	34003	895250	Bergen County, NJ
35620	35644	34017	597924	Hudson County, NJ
35620	35644	34031	491778	Passaic County, NJ
35620	35644	36005	1397287	Bronx County, NY
35620	35644	36047	2567098	Kings County, NY
35620	35644	36061	1629054	New York County, NY
35620	35644	36079	99265	Putnam County, NY
35620	35644	36081	2306712	Queens County, NY
35620	35644	36085	491730	Richmond County, NY
35620	35644	36087	300173	Rockland County, NY
35620	35644	36119	955962	Westchester County, NY
35660			160472	Niles-Benton Harbor, MI
35660		26021	160472	Berrien County, MI
35980			266830	Norwich-New London, CT
35980		9011	266830	New London County, CT
36100			328547	Ocala, FL
36100		12083	328547	Marion County, FL
36140			96091	Ocean City, NJ
36140		34009	96091	Cape May County, NJ
36220			134625	Odessa, TX
36220		48135	134625	Ector County, TX
36260			541569	Ogden-Clearfield, UT
36260		49011	300827	Davis County, UT
36260		49029	8908	Morgan County, UT
36260		49057	231834	Weber County, UT
36420			1227278	Oklahoma City, OK
36420		40017	109668	Canadian County, OK
36420		40027	244589	Cleveland County, OK
36420		40051	51649	Grady County, OK
36420		40081	32199	Lincoln County, OK
36420		40083	39301	Logan County, OK
36420		40087	33168	McClain County, OK
36420		40109	716704	Oklahoma County, OK
36500			250979	Olympia, WA
36500		53067	250979	Thurston County, WA
36540			849517	Omaha-Council Bluffs, NE-IA
36540		19085	15328	Harrison County, IA
36540		19129	15002	Mills County, IA
36540		19155	90224	Pottawattamie County, IA
36540		31025	25485	Cass County, NE
36540		31055	510199	Douglas County, NE
36540		31153	153504	Sarpy County, NE
36540		31155	20057	Saunders County, NE
36540		31177	19718	Washington County, NE
36740			2082421	Orlando-Kissimmee, FL
36740		12069	312119	Lake County, FL
36740		12095	1086480	Orange County, FL
36740		12097	270618	Osceola County, FL
36740		12117	413204	Seminole County, FL
36780			163370	Oshkosh-Neenah, WI
36780		55139	163370	Winnebago County, WI
36980			113636	Owensboro, KY
36980		21059	95394	Daviess County, KY
36980		21091	8635	Hancock County, KY
36980		21149	9607	McLean County, KY
37100			802983	Oxnard-Thousand Oaks-Ventura, CA
37100		6111	802983	Ventura County, CA
37340			536357	Palm Bay-Melbourne-Titusville, FL
37340		12009	536357	Brevard County, FL
37380			91622	Palm Coast, FL
37380		12035	91622	Flagler County, FL
37460			164767	Panama City-Lynn Haven-Panama City Beach, FL
37460		12005	164767	Bay County, FL
37620			160905	Parkersburg-Marietta-Vienna, WV-OH
37620		39167	61048	Washington County, OH
37620		54073	7364	Pleasants County, WV
37620		54105	5605	Wirt County, WV
37620		54107	86888	Wood County, WV
37700			155603	Pascagoula, MS
37700		28039	22681	George County, MS
37700		28059	132922	Jackson County, MS
37860			455102	Pensacola-Ferry Pass-Brent, FL
37860		12033	303343	Escambia County, FL
37860		12113	151759	Santa Rosa County, FL
37900			375865	Peoria, IL
37900		17123	12702	Marshall County, IL
37900		17143	185816	Peoria County, IL
37900		17175	6019	Stark County, IL
37900		17179	132466	Tazewell County, IL
37900		17203	38862	Woodford County, IL
37980			5968252	Philadelphia-Camden-Wilmington, PA-NJ-DE-MD
37980	15804		1253907	Camden, NJ
37980	15804	34005	446108	Burlington County, NJ
37980	15804	34007	517879	Camden County, NJ
37980	15804	34015	289920	Gloucester County, NJ
37980	37964		4012573	Philadelphia, PA
37980	37964	42017	626015	Bucks County, PA
37980	37964	42029	498894	Chester County, PA
37980	37964	42045	558028	Delaware County, PA
37980	37964	42091	782339	Montgomery County, PA
37980	37964	42101	1547297	Philadelphia County, PA
37980	48864		701772	Wilmington, DE-MD-NJ
37980	48864	10003	534634	New Castle County, DE
37980	48864	24015	100796	Cecil County, MD
37980	48864	34033	66342	Salem County, NJ
38060			4364094	Phoenix-Mesa-Scottsdale, AZ
38060		4013	4023132	Maricopa County, AZ
38060		4021	340962	Pinal County, AZ
38220			100694	Pine Bluff, AR
38220		5025	8436	Cleveland County, AR
38220		5069	78705	Jefferson County, AR
38220		5079	13553	Lincoln County, AR
38300			2354957	Pittsburgh, PA
38300		42003	1218494	Allegheny County, PA
38300		42005	67851	Armstrong County, PA
38300		42007	171673	Beaver County, PA
38300		42019	184694	Butler County, PA
38300		42051	142605	Fayette County, PA
38300		42125	207389	Washington County, PA
38300		42129	362251	Westmoreland County, PA
38340			129288	Pittsfield, MA
38340		25003	129288	Berkshire County, MA
38540			90273	Pocatello, ID
38540		16005	82539	Bannock County, ID
38540		16077	7734	Power County, ID
38860			516826	Portland-South Portland-Biddeford, ME
38860		23005	278559	Cumberland County, ME
38860		23023	36391	Sagadahoc County, ME
38860		23031	201876	York County, ME
38900			2241841	Portland-Vancouver-Beaverton, OR-WA
38900		41005	386143	Clackamas County, OR
38900		41009	49592	Columbia County, OR
38900		41051	726855	Multnomah County, OR
38900		41067	537318	Washington County, OR
38900		41071	99037	Yamhill County, OR
38900		53011	432002	Clark County, WA
38900		53059	10894	Skamania County, WA
38940			406296	Port St. Lucie, FL
38940		12085	139794	Martin County, FL
38940		12111	266502	St. Lucie County, FL
39100			677094	Poughkeepsie-Newburgh-Middletown, NY
39100		36027	293562	Dutchess County, NY
39100		36071	383532	Orange County, NY
39140			215686	Prescott, AZ
39140		4025	215686	Yavapai County, AZ
39300			1600642	Providence-New Bedford-Fall River, RI-MA
39300		25005	547433	Bristol County, MA
39300		44001	49542	Bristol County, RI
39300		44003	168752	Kent County, RI
39300		44005	80300	Newport County, RI
39300		44007	627690	Providence County, RI
39300		44009	126925	Washington County, RI
39340			555551	Provo-Orem, UT
39340		49023	10244	Juab County, UT
39340		49049	545307	Utah County, UT
39380			157224	Pueblo, CO
39380		8101	157224	Pueblo County, CO
39460			156952	Punta Gorda, FL
39460		12015	156952	Charlotte County, FL
39540			200601	Racine, WI
39540		55101	200601	Racine County, WI
39580			1125827	Raleigh-Cary, NC
39580		37069	60088	Franklin County, NC
39580		37101	168525	Johnston County, NC
39580		37183	897214	Wake County, NC
39660			124766	Rapid City, SD
39660		46093	23916	Meade County, SD
39660		46103	100850	Pennington County, SD
39740			407125	Reading, PA
39740		42011	407125	Berks County, PA
39820			181099	Redding, CA
39820		6089	181099	Shasta County, CA
39900			419261	Reno-Sparks, NV
39900		32029	4441	Storey County, NV
39900		32031	414820	Washoe County, NV
40060			1238187	Richmond, VA
40060		51007	12886	Amelia County, VA
40060		51033	27870	Caroline County, VA
40060		51036	7217	Charles City County, VA
40060		51041	306670	Chesterfield County, VA
40060		51049	9757	Cumberland County, VA
40060		51053	26338	Dinwiddie County, VA
40060		51075	21311	Goochland County, VA
40060		51085	99933	Hanover County, VA
40060		51087	296415	Henrico County, VA
40060		51097	6796	King and Queen County, VA
40060		51101	16225	King William County, VA
40060		51109	33078	Louisa County, VA
40060		51127	18112	New Kent County, VA
40060		51145	27964	Powhatan County, VA
40060		51149	37116	Prince George County, VA
40060		51183	12116	Sussex County, VA
40060		51570	17823	Colonial Heights city, VA
40060		51670	23123	Hopewell city, VA
40060		51730	32986	Petersburg city, VA
40060		51760	204451	Richmond city, VA
40140			4143113	Riverside-San Bernardino-Ontario, CA
40140		6065	2125440	Riverside County, CA
40140		6071	2017673	San Bernardino County, CA
40220			300399	Roanoke, VA
40220		51023	32551	Botetourt County, VA
40220		51045	4969	Craig County, VA
40220		51067	51924	Franklin County, VA
40220		51161	91011	Roanoke County, VA
40220		51770	94482	Roanoke city, VA
40220		51775	25462	Salem city, VA
40340			185618	Rochester, MN
40340		27039	19772	Dodge County, MN
40340		27109	143962	Olmsted County, MN
40340		27157	21884	Wabasha County, MN
40380			1035566	Rochester, NY
40380		36051	62871	Livingston County, NY
40380		36055	733703	Monroe County, NY
40380		36069	105650	Ontario County, NY
40380		36073	42051	Orleans County, NY
40380		36117	91291	Wayne County, NY
40420			353722	Rockford, IL
40420		17007	54020	Boone County, IL
40420		17201	299702	Winnebago County, IL
40580			146596	Rocky Mount, NC
40580		37065	51853	Edgecombe County, NC
40580		37127	94743	Nash County, NC
40660			96250	Rome, GA
40660		13115	96250	Floyd County, GA
40900			2127355	Sacramento--Arden-Arcade--Roseville, CA
40900		6017	178447	El Dorado County, CA
40900		6061	348552	Placer County, CA
40900		6067	1400949	Sacramento County, CA
40900		6113	199407	Yolo County, CA
40980			200050	Saginaw-Saginaw Township North, MI
40980		26145	200050	Saginaw County, MI
41060			189148	St. Cloud, MN
41060		27009	40193	Benton County, MN
41060		27145	148955	Stearns County, MN
41100			137473	St. George, UT
41100		49053	137473	Washington County, UT
41140			126644	St. Joseph, MO-KS
41140		20043	7624	Doniphan County, KS
41140		29003	17052	Andrew County, MO
41140		29021	89856	Buchanan County, MO
41140		29063	12112	DeKalb County, MO
41180			2828990	St. Louis, MO-IL
41180		17005	18103	Bond County, IL
41180		17013	5019	Calhoun County, IL
41180		17027	36368	Clinton County, IL
41180		17083	22549	Jersey County, IL
41180		17117	47774	Macoupin County, IL
41180		17119	268457	Madison County, IL
41180		17133	33236	Monroe County, IL
41180		17163	263617	St. Clair County, IL
41180		29071	101263	Franklin County, MO
41180		29099	219046	Jefferson County, MO
41180		29113	53311	Lincoln County, MO
41180		29183	355367	St. Charles County, MO
41180		29189	992408	St. Louis County, MO
41180		29219	31485	Warren County, MO
41180		29221	24400	Washington County, MO
41180		29510	356587	St. Louis city, MO
41420			396103	Salem, OR
41420		41047	317981	Marion County, OR
41420		41053	78122	Polk County, OR
41500			410370	Salinas, CA
41500		6053	410370	Monterey County, CA
41540			120181	Salisbury, MD
41540		24039	25959	Somerset County, MD
41540		24045	94222	Wicomico County, MD
41620			1130293	Salt Lake City, UT
41620		49035	1034989	Salt Lake County, UT
41620		49043	36969	Summit County, UT
41620		49045	58335	Tooele County, UT
41660			110119	San Angelo, TX
41660		48235	1741	Irion County, TX
41660		48451	108378	Tom Green County, TX
41700			2072128	San Antonio, TX
41700		48013	44633	Atascosa County, TX
41700		48019	20560	Bandera County, TX
41700		48029	1651448	Bexar County, TX
41700		48091	114525	Comal County, TX
41700		48187	121432	Guadalupe County, TX
41700		48259	34053	Kendall County, TX
41700		48325	44728	Medina County, TX
41700		48493	40749	Wilson County, TX
41740			3053793	San Diego-Carlsbad-San Marcos, CA
41740		6073	3053793	San Diego County, CA
41780			76963	Sandusky, OH
41780		39043	76963	Erie County, OH
41860			4317853	San Francisco-Oakland-Fremont, CA
41860	36084		2532756	Oakland-Fremont-Hayward, CA
41860	36084	6001	1491482	Alameda County, CA
41860	36084	6013	1041274	Contra Costa County, CA
41860	41884		1785097	San Francisco-San Mateo-Redwood City, CA
41860	41884	6041	250750	Marin County, CA
41860	41884	6075	815358	San Francisco County, CA
41860	41884	6081	718989	San Mateo County, CA
41940			1839700	San Jose-Sunnyvale-Santa Clara, CA
41940		6069	55058	San Benito County, CA
41940		6085	1784642	Santa Clara County, CA
42020			266971	San Luis Obispo-Paso Robles, CA
42020		6079	266971	San Luis Obispo County, CA
42060			407057	Santa Barbara-Santa Maria-Goleta, CA
42060		6083	407057	Santa Barbara County, CA
42100			256218	Santa Cruz-Watsonville, CA
42100		6087	256218	Santa Cruz County, CA
42140			147532	Santa Fe, NM
42140		35049	147532	Santa Fe County, NM
42220			472102	Santa Rosa-Petaluma, CA
42220		6097	472102	Sonoma County, CA
42340			343092	Savannah, GA
42340		13029	32559	Bryan County, GA
42340		13051	256992	Chatham County, GA
42340		13103	53541	Effingham County, GA
42540			549454	Scranton--Wilkes-Barre, PA
42540		42069	208801	Lackawanna County, PA
42540		42079	312845	Luzerne County, PA
42540		42131	27808	Wyoming County, PA
42660			3407848	Seattle-Tacoma-Bellevue, WA
42660	42644		2611012	Seattle-Bellevue-Everett, WA
42660	42644	53033	1916441	King County, WA
42660	42644	53061	694571	Snohomish County, WA
42660	45104		796836	Tacoma, WA
42660	45104	53053	796836	Pierce County, WA
42680			135167	Sebastian-Vero Beach, FL
42680		12061	135167	Indian River County, FL
43100			114560	Sheboygan, WI
43100		55117	114560	Sheboygan County, WI
43300			120030	Sherman-Denison, TX
43300		48181	120030	Grayson County, TX
43340			391516	Shreveport-Bossier City, LA
43340		22015	111492	Bossier Parish, LA
43340		22017	253623	Caddo Parish, LA
43340		22031	26401	De Soto Parish, LA
43580			144360	Sioux City, IA-NE-SD
43580		19193	102831	Woodbury County, IA
43580		31043	20651	Dakota County, NE
43580		31051	6289	Dixon County, NE
43580		46127	14589	Union County, SD
43620			238122	Sioux Falls, SD
43620		46083	41218	Lincoln County, SD
43620		46087	5619	McCook County, SD
43620		46099	183048	Minnehaha County, SD
43620		46125	8237	Turner County, SD
43780			317538	South Bend-Mishawaka, IN-MI
43780		18141	267613	St. Joseph County, IN
43780		26027	49925	Cass County, MI
43900			286822	Spartanburg, SC
43900		45083	286822	Spartanburg County, SC
44060			468684	Spokane, WA
44060		53063	468684	Spokane County, WA
44100			208182	Springfield, IL
44100		17129	12466	Menard County, IL
44100		17167	195716	Sangamon County, IL
44140			698903	Springfield, MA
44140		25011	71778	Franklin County, MA
44140		25013	471081	Hampden County, MA
44140		25015	156044	Hampshire County, MA
44180			430900	Springfield, MO
44180		29043	77455	Christian County, MO
44180		29059	16637	Dallas County, MO
44180		29077	269630	Greene County, MO
44180		29167	30626	Polk County, MO
44180		29225	36552	Webster County, MO
44220			139671	Springfield, OH
44220		39023	139671	Clark County, OH
44300			146212	State College, PA
44300		42027	146212	Centre County, PA
44700			674860	Stockton, CA
44700		6077	674860	San Joaquin County, CA
44940			104495	Sumter, SC
44940		45085	104495	Sumter County, SC
45060			646084	Syracuse, NY
45060		36053	69954	Madison County, NY
45060		36067	454753	Onondaga County, NY
45060		36075	121377	Oswego County, NY
45220			360013	Tallahassee, FL
45220		12039	47474	Gadsden County, FL
45220		12065	14010	Jefferson County, FL
45220		12073	265714	Leon County, FL
45220		12129	32815	Wakulla County, FL
45300			2747272	Tampa-St. Petersburg-Clearwater, FL
45300		12053	171233	Hernando County, FL
45300		12057	1195317	Hillsborough County, FL
45300		12101	471709	Pasco County, FL
45300		12103	909013	Pinellas County, FL
45460			169825	Terre Haute, IN
45460		18021	26533	Clay County, IN
45460		18153	21153	Sullivan County, IN
45460		18165	16172	Vermillion County, IN
45460		18167	105967	Vigo County, IN
45500			137486	Texarkana, TX-Texarkana, AR
45500		5091	43522	Miller County, AR
45500		48037	93964	Bowie County, TX
45780			672220	Toledo, OH
45780		39051	42402	Fulton County, OH
45780		39095	463493	Lucas County, OH
45780		39123	40945	Ottawa County, OH
45780		39173	125380	Wood County, OH
45820			230824	Topeka, KS
45820		20085	13412	Jackson County, KS
45820		20087	18207	Jefferson County, KS
45820		20139	16104	Osage County, KS
45820		20177	176255	Shawnee County, KS
45820		20197	6846	Wabaunsee County, KS
45940			366222	Trenton-Ewing, NJ
45940		34021	366222	Mercer County, NJ
46060			1020200	Tucson, AZ
46060		4019	1020200	Pima County, AZ
46140			929015	Tulsa, OK
46140		40037	70244	Creek County, OK
46140		40111	39292	Okmulgee County, OK
46140		40113	45051	Osage County, OK
46140		40117	16419	Pawnee County, OK
46140		40131	85654	Rogers County, OK
46140		40143	601961	Tulsa County, OK
46140		40145	70394	Wagoner County, OK
46220			210839	Tuscaloosa, AL
46220		1063	8829	Greene County, AL
46220		1065	17975	Hale County, AL
46220		1125	184035	Tuscaloosa County, AL
46340			204665	Tyler, TX
46340		48423	204665	Smith County, TX
46540			293280	Utica-Rome, NY
46540		36043	62236	Herkimer County, NY
46540		36065	231044	Oneida County, NY
46660			135804	Valdosta, GA
46660		13027	16354	Brooks County, GA
46660		13101	4213	Echols County, GA
46660		13173	8423	Lanier County, GA
46660		13185	106814	Lowndes County, GA
46700			407234	Vallejo-Fairfield, CA
46700		6095	407234	Solano County, CA
47020			115396	Victoria, TX
47020		48057	20573	Calhoun County, TX
47020		48175	7033	Goliad County, TX
47020		48469	87790	Victoria County, TX
47220			157745	Vineland-Millville-Bridgeton, NJ
47220		34011	157745	Cumberland County, NJ
47260			1674498	Virginia Beach-Norfolk-Newport News, VA-NC
47260		37053	24216	Currituck County, NC
47260		51073	39184	Gloucester County, VA
47260		51093	35877	Isle of Wight County, VA
47260		51095	63735	James City County, VA
47260		51115	8984	Mathews County, VA
47260		51181	7088	Surry County, VA
47260		51199	61140	York County, VA
47260		51550	222455	Chesapeake city, VA
47260		51650	144236	Hampton city, VA
47260		51700	193172	Newport News city, VA
47260		51710	233333	Norfolk city, VA
47260		51735	11794	Poquoson city, VA
47260		51740	99321	Portsmouth city, VA
47260		51800	83659	Suffolk city, VA
47260		51810	433575	Virginia Beach city, VA
47260		51830	12729	Williamsburg city, VA
47300			429668	Visalia-Porterville, CA
47300		6107	429668	Tulare County, CA
47380			233378	Waco, TX
47380		48309	233378	McLennan County, TX
47580			135715	Warner Robins, GA
47580		13153	135715	Houston County, GA
47900			5476241	Washington-Arlington-Alexandria, DC-VA-MD-WV
47900	13644		1199580	Bethesda-Frederick-Rockville, MD
47900	13644	24021	227980	Frederick County, MD
47900	13644	24031	971600	Montgomery County, MD
47900	47894		4276661	Washington-Arlington-Alexandria, DC-VA-MD-WV
47900	47894	11001	599657	District of Columbia, DC
47900	47894	24009	89212	Calvert County, MD
47900	47894	24017	142226	Charles County, MD
47900	47894	24033	834560	Prince George's County, MD
47900	47894	51013	217483	Arlington County, VA
47900	47894	51043	14588	Clarke County, VA
47900	47894	51059	1037605	Fairfax County, VA
47900	47894	51061	68010	Fauquier County, VA
47900	47894	51107	301171	Loudoun County, VA
47900	47894	51153	379166	Prince William County, VA
47900	47894	51177	120977	Spotsylvania County, VA
47900	47894	51179	124166	Stafford County, VA
47900	47894	51187	36713	Warren County, VA
47900	47894	51510	150006	Alexandria city, VA
47900	47894	51600	24665	Fairfax city, VA
47900	47894	51610	11957	Falls Church city, VA
47900	47894	51630	23193	Fredericksburg city, VA
47900	47894	51683	36514	Manassas city, VA
47900	47894	51685	12042	Manassas Park city, VA
47900	47894	54037	52750	Jefferson County, WV
47940			164913	Waterloo-Cedar Falls, IA
47940		19013	129276	Black Hawk County, IA
47940		19017	23460	Bremer County, IA
47940		19075	12177	Grundy County, IA
48140			131612	Wausau, WI
48140		55073	131612	Marathon County, WI
48260			120929	Weirton-Steubenville, WV-OH
48260		39081	67691	Jefferson County, OH
48260		54009	23509	Brooke County, WV
48260		54029	29729	Hancock County, WV
48300			109937	Wenatchee-East Wenatchee, WA
48300		53007	72372	Chelan County, WA
48300		53017	37565	Douglas County, WA
48540			144637	Wheeling, WV-OH
48540		39013	68066	Belmont County, OH
48540		54051	32556	Marshall County, WV
48540		54069	44015	Ohio County, WV
48620			612683	Wichita, KS
48620		20015	64084	Butler County, KS
48620		20079	34247	Harvey County, KS
48620		20173	490864	Sedgwick County, KS
48620		20191	23488	Sumner County, KS
48660			147421	Wichita Falls, TX
48660		48009	8912	Archer County, TX
48660		48077	10893	Clay County, TX
48660		48485	127616	Wichita County, TX
48700			116840	Williamsport, PA
48700		42081	116840	Lycoming County, PA
48900			354525	Wilmington, NC
48900		37019	107062	Brunswick County, NC
48900		37129	195085	New Hanover County, NC
48900		37141	52378	Pender County, NC
49020			123989	Winchester, VA-WV
49020		51069	74972	Frederick County, VA
49020		51840	26322	Winchester city, VA
49020		54027	22695	Hampshire County, WV
49180			484921	Winston-Salem, NC
49180		37059	41420	Davie County, NC
49180		37067	359638	Forsyth County, NC
49180		37169	46150	Stokes County, NC
49180		37197	37713	Yadkin County, NC
49340			803701	Worcester, MA
49340		25027	803701	Worcester County, MA
49420			239054	Yakima, WA
49420		53077	239054	Yakima County, WA
49620			428937	York-Hanover, PA
49620		42133	428937	York County, PA
49660			562963	Youngstown-Warren-Boardman, OH-PA
49660		39099	236735	Mahoning County, OH
49660		39155	210157	Trumbull County, OH
49660		42085	116071	Mercer County, PA
49700			165539	Yuba City, CA
49700		6101	92614	Sutter County, CA
49700		6115	72925	Yuba County, CA
49740			196972	Yuma, AZ
49740		4027	196972	Yuma County, AZ
 				
				Micropolitan Statistical Area
				
10020			56141	Abbeville, LA
10020		22113	56141	Vermilion Parish, LA
10100			39139	Aberdeen, SD
10100		46013	35204	Brown County, SD
10100		46045	3935	Edmunds County, SD
10140			71797	Aberdeen, WA
10140		53027	71797	Grays Harbor County, WA
10220			37422	Ada, OK
10220		40123	37422	Pontotoc County, OK
10300			99837	Adrian, MI
10300		26091	99837	Lenawee County, MI
10460			63201	Alamogordo, NM
10460		35035	63201	Otero County, NM
10540			116584	Albany-Lebanon, OR
10540		41043	116584	Linn County, OR
10620			59794	Albemarle, NC
10620		37167	59794	Stanly County, NC
10660			31002	Albert Lea, MN
10660		27047	31002	Freeborn County, MN
10700			90399	Albertville, AL
10700		1095	90399	Marshall County, AL
10760			51564	Alexander City, AL
10760		1037	10556	Coosa County, AL
10760		1123	41008	Tallapoosa County, AL
10820			36390	Alexandria, MN
10820		27041	36390	Douglas County, MN
10860			41001	Alice, TX
10860		48249	41001	Jim Wells County, TX
10880			113449	Allegan, MI
10880		26005	113449	Allegan County, MI
10940			41948	Alma, MI
10940		26057	41948	Gratiot County, MI
10980			29289	Alpena, MI
10980		26007	29289	Alpena County, MI
11060			25369	Altus, OK
11060		40065	25369	Jackson County, OK
11140			36409	Americus, GA
11140		13249	4325	Schley County, GA
11140		13261	32084	Sumter County, GA
11220			48616	Amsterdam, NY
11220		36057	48616	Montgomery County, NY
11380			14057	Andrews, TX
11380		48003	14057	Andrews County, TX
11420			33579	Angola, IN
11420		18151	33579	Steuben County, IN
11580			35297	Arcadia, FL
11580		12027	35297	DeSoto County, FL
11620			57450	Ardmore, OK
11620		40019	48326	Carter County, OK
11620		40085	9124	Love County, OK
11660			23835	Arkadelphia, AR
11660		5019	23835	Clark County, AR
11740			55044	Ashland, OH
11740		39005	55044	Ashland County, OH
11780			100767	Ashtabula, OH
11780		39007	100767	Ashtabula County, OH
11820			37243	Astoria, OR
11820		41007	37243	Clatsop County, OR
11860			16411	Atchison, KS
11860		20005	16411	Atchison County, KS
11900			63026	Athens, OH
11900		39009	63026	Athens County, OH
11940			52739	Athens, TN
11940		47107	52739	McMinn County, TN
11980			78921	Athens, TX
11980		48213	78921	Henderson County, TX
12140			42060	Auburn, IN
12140		18033	42060	DeKalb County, IN
12180			79526	Auburn, NY
12180		36011	79526	Cayuga County, NY
12300			121090	Augusta-Waterville, ME
12300		23011	121090	Kennebec County, ME
12380			38215	Austin, MN
12380		27099	38215	Mower County, MN
12460			28838	Bainbridge, GA
12460		13087	28838	Decatur County, GA
12660			58922	Baraboo, WI
12660		55111	58922	Sauk County, WI
12740			58696	Barre, VT
12740		50023	58696	Washington County, VT
12780			50706	Bartlesville, OK
12780		40147	50706	Washington County, OK
12820			28223	Bastrop, LA
12820		22067	28223	Morehouse Parish, LA
12860			57868	Batavia, NY
12860		36037	57868	Genesee County, NY
12900			34634	Batesville, AR
12900		5063	34634	Independence County, AR
13060			36978	Bay City, TX
13060		48321	36978	Matagorda County, TX
13100			22653	Beatrice, NE
13100		31067	22653	Gage County, NE
13180			87335	Beaver Dam, WI
13180		55027	87335	Dodge County, WI
13220			79187	Beckley, WV
13220		54081	79187	Raleigh County, WV
13260			45842	Bedford, IN
13260		18093	45842	Lawrence County, IN
13300			32487	Beeville, TX
13300		48025	32487	Bee County, TX
13340			46582	Bellefontaine, OH
13340		39091	46582	Logan County, OH
13420			44350	Bemidji, MN
13420		27007	44350	Beltrami County, MN
13500			28783	Bennettsville, SC
13500		45069	28783	Marlboro County, SC
13540			36411	Bennington, VT
13540		50003	36411	Bennington County, VT
13620			37881	Berlin, NH-VT
13620		33007	31487	Coos County, NH
13620		50009	6394	Essex County, VT
13660			41775	Big Rapids, MI
13660		26107	41775	Mecosta County, MI
13700			32940	Big Spring, TX
13700		48227	32940	Howard County, TX
13860			17293	Bishop, CA
13860		6027	17293	Inyo County, CA
13940			44668	Blackfoot, ID
13940		16011	44668	Bingham County, ID
14100			82826	Bloomsburg-Berwick, PA
14100		42037	65111	Columbia County, PA
14100		42093	17715	Montour County, PA
14140			106828	Bluefield, WV-VA
14140		51185	44907	Tazewell County, VA
14140		54055	61921	Mercer County, WV
14180			46605	Blytheville, AR
14180		5093	46605	Mississippi County, AR
14220			45669	Bogalusa, LA
14220		22117	45669	Washington Parish, LA
14300			32999	Bonham, TX
14300		48147	32999	Fannin County, TX
14340			26072	Boone, IA
14340		19015	26072	Boone County, IA
14380			45479	Boone, NC
14380		37189	45479	Watauga County, NC
14420			21538	Borger, TX
14420		48233	21538	Hutchinson County, TX
14580			90343	Bozeman, MT
14580		30031	90343	Gallatin County, MT
14620			43196	Bradford, PA
14620		42083	43196	McKean County, PA
14660			91257	Brainerd, MN
14660		27021	28534	Cass County, MN
14660		27035	62723	Crow Wing County, MN
14700			79447	Branson, MO
14700		29209	31424	Stone County, MO
14700		29213	48023	Taney County, MO
14780			32893	Brenham, TX
14780		48477	32893	Washington County, TX
14820			30203	Brevard, NC
14820		37175	30203	Transylvania County, NC
14940			49902	Brigham City, UT
14940		49003	49902	Box Elder County, UT
15020			34830	Brookhaven, MS
15020		28085	34830	Lincoln County, MS
15060			21148	Brookings, OR
15060		41015	21148	Curry County, OR
15100			30056	Brookings, SD
15100		46011	30056	Brookings County, SD
15140			18881	Brownsville, TN
15140		47075	18881	Haywood County, TN
15220			38088	Brownwood, TX
15220		48049	38088	Brown County, TX
15340			43403	Bucyrus, OH
15340		39033	43403	Crawford County, OH
15420			40924	Burley, ID
15420		16031	21698	Cassia County, ID
15420		16067	19226	Minidoka County, ID
15460			48412	Burlington, IA-IL
15460		17071	7354	Henderson County, IL
15460		19057	41058	Des Moines County, IA
15580			32949	Butte-Silver Bow, MT
15580		30093	32949	Silver Bow County, MT
15620			46391	Cadillac, MI
15620		26113	14838	Missaukee County, MI
15620		26165	31553	Wexford County, MI
15660			53292	Calhoun, GA
15660		13129	53292	Gordon County, GA
15700			32043	Cambridge, MD
15700		24019	32043	Dorchester County, MD
15740			40054	Cambridge, OH
15740		39059	40054	Guernsey County, OH
15780			30628	Camden, AR
15780		5013	5196	Calhoun County, AR
15780		5103	25432	Ouachita County, AR
15820			24420	Campbellsville, KY
15820		21217	24420	Taylor County, KY
15860			47815	Canon City, CO
15860		8043	47815	Fremont County, CO
15900			36652	Canton, IL
15900		17057	36652	Fulton County, IL
16060			58103	Carbondale, IL
16060		17077	58103	Jackson County, IL
16100			52706	Carlsbad-Artesia, NM
16100		35015	52706	Eddy County, NM
16260			45280	Cedar City, UT
16260		49021	45280	Iron County, UT
16340			42298	Cedartown, GA
16340		13233	42298	Polk County, GA
16380			40666	Celina, OH
16380		39107	40666	Mercer County, OH
16420			31274	Central City, KY
16420		21177	31274	Muhlenberg County, KY
16460			39008	Centralia, IL
16460		17121	39008	Marion County, IL
16500			74741	Centralia, WA
16500		53041	74741	Lewis County, WA
16540			144994	Chambersburg, PA
16540		42055	144994	Franklin County, PA
16660			62781	Charleston-Mattoon, IL
16660		17029	52065	Coles County, IL
16660		17035	10716	Cumberland County, IL
16900			32410	Chester, SC
16900		45023	32410	Chester County, SC
17060			75972	Chillicothe, OH
17060		39141	75972	Ross County, OH
17200			42692	Claremont, NH
17200		33019	42692	Sullivan County, NH
17220			92441	Clarksburg, WV
17220		54017	7202	Doddridge County, WV
17220		54033	68911	Harrison County, WV
17220		54091	16328	Taylor County, WV
17260			26936	Clarksdale, MS
17260		28027	26936	Coahoma County, MS
17340			65279	Clearlake, CA
17340		6033	65279	Lake County, CA
17380			36766	Cleveland, MS
17380		28011	36766	Bolivar County, MS
17500			39594	Clewiston, FL
17500		12051	39594	Hendry County, FL
17540			48934	Clinton, IA
17540		19045	48934	Clinton County, IA
17580			44407	Clovis, NM
17580		35009	44407	Curry County, NM
17700			34254	Coffeyville, KS
17700		20125	34254	Montgomery County, KS
17740			44737	Coldwater, MI
17740		26023	44737	Branch County, MI
17940			84302	Columbia, TN
17940		47119	84302	Maury County, TN
18060			59658	Columbus, MS
18060		28087	59658	Lowndes County, MS
18100			32515	Columbus, NE
18100		31141	32515	Platte County, NE
18180			149071	Concord, NH
18180		33013	149071	Merrimack County, NH
18220			24101	Connersville, IN
18220		18041	24101	Fayette County, IN
18260			104366	Cookeville, TN
18260		47087	10875	Jackson County, TN
18260		47133	21060	Overton County, TN
18260		47141	72431	Putnam County, TN
18300			62795	Coos Bay, OR
18300		41011	62795	Coos County, OR
18340			38813	Corbin, KY
18340		21235	38813	Whitley County, KY
18380			22210	Cordele, GA
18380		13081	22210	Crisp County, GA
18420			35822	Corinth, MS
18420		28003	35822	Alcorn County, MS
18460			43613	Cornelia, GA
18460		13137	43613	Habersham County, GA
18500			96552	Corning, NY
18500		36101	96552	Steuben County, NY
18620			49440	Corsicana, TX
18620		48349	49440	Navarro County, TX
18660			47996	Cortland, NY
18660		36023	47996	Cortland County, NY
18740			35767	Coshocton, OH
18740		39031	35767	Coshocton County, OH
18820			37862	Crawfordsville, IN
18820		18107	37862	Montgomery County, IN
18860			29114	Crescent City, CA
18860		6015	29114	Del Norte County, CA
18900			54109	Crossville, TN
18900		47035	54109	Cumberland County, TN
18940			60095	Crowley, LA
18940		22001	60095	Acadia Parish, LA
18980			81778	Cullman, AL
18980		1043	81778	Cullman County, AL
19020			46502	Culpeper, VA
19020		51047	46502	Culpeper County, VA
19220			54435	Danville, KY
19220		21021	29263	Boyle County, KY
19220		21137	25172	Lincoln County, KY
19300			179878	Daphne-Fairhope-Foley, AL
19300		1003	179878	Baldwin County, AL
19540			34256	Decatur, IN
19540		18001	34256	Adams County, IN
19580			38432	Defiance, OH
19580		39039	38432	Defiance County, OH
19620			48165	Del Rio, TX
19620		48465	48165	Val Verde County, TX
19700			27044	Deming, NM
19700		35029	27044	Luna County, NM
19760			35419	De Ridder, LA
19760		22011	35419	Beauregard Parish, LA
19860			23674	Dickinson, ND
19860		38007	827	Billings County, ND
19860		38089	22847	Stark County, ND
19900			30912	Dillon, SC
19900		45033	30912	Dillon County, SC
19940			34919	Dixon, IL
19940		17103	34919	Lee County, IL
19980			33692	Dodge City, KS
19980		20057	33692	Ford County, KS
20060			49098	Douglas, GA
20060		13003	8230	Atkinson County, GA
20060		13069	40868	Coffee County, GA
20140			57595	Dublin, GA
20140		13167	9300	Johnson County, GA
20140		13175	48295	Laurens County, GA
20180			82324	DuBois, PA
20180		42033	82324	Clearfield County, PA
20300			20736	Dumas, TX
20300		48341	20736	Moore County, TX
20340			43487	Duncan, OK
20340		40137	43487	Stephens County, OK
20380			115761	Dunn, NC
20380		37085	115761	Harnett County, NC
20420			51464	Durango, CO
20420		8067	51464	La Plata County, CO
20460			40783	Durant, OK
20460		40013	40783	Bryan County, OK
20540			37811	Dyersburg, TN
20540		47045	37811	Dyer County, TN
20580			53203	Eagle Pass, TX
20580		48323	53203	Maverick County, TX
20620			107722	East Liverpool-Salem, OH
20620		39029	107722	Columbiana County, OH
20660			36262	Easton, MD
20660		24041	36262	Talbot County, MD
20700			166355	East Stroudsburg, PA
20700		42089	166355	Monroe County, PA
20780			61699	Edwards, CO
20780		8037	53653	Eagle County, CO
20780		8065	8046	Lake County, CO
20820			34424	Effingham, IL
20820		17049	34424	Effingham County, IL
20900			41000	El Campo, TX
20900		48481	41000	Wharton County, TX
20980			42782	El Dorado, AR
20980		5139	42782	Union County, AR
21020			64042	Elizabeth City, NC
21020		37029	9730	Camden County, NC
21020		37139	41578	Pasquotank County, NC
21020		37143	12734	Perquimans County, NC
21120			21116	Elk City, OK
21120		40009	21116	Beckham County, OK
21220			49603	Elko, NV
21220		32007	47896	Elko County, NV
21220		32011	1707	Eureka County, NV
21260			39532	Ellensburg, WA
21260		53037	39532	Kittitas County, WA
21380			36399	Emporia, KS
21380		20017	2798	Chase County, KS
21380		20111	33601	Lyon County, KS
21420			58928	Enid, OK
21420		40047	58928	Garfield County, OK
21460			96782	Enterprise-Ozark, AL
21460		1031	48635	Coffee County, AL
21460		1045	48147	Dale County, AL
21540			36918	Escanaba, MI
21540		26041	36918	Delta County, MI
21580			40678	Espanola, NM
21580		35039	40678	Rio Arriba County, NM
21640			32396	Eufaula, AL-GA
21640		1005	29737	Barbour County, AL
21640		13239	2659	Quitman County, GA
21700			129623	Eureka-Arcata-Fortuna, CA
21700		6023	129623	Humboldt County, CA
21740			20927	Evanston, WY
21740		56041	20927	Uinta County, WY
21860			20245	Fairmont, MN
21860		27091	20245	Martin County, MN
21900			56706	Fairmont, WV
21900		54049	56706	Marion County, WV
21980			24897	Fallon, NV
21980		32001	24897	Churchill County, NV
22060			62723	Faribault-Northfield, MN
22060		27131	62723	Rice County, MN
22100			63884	Farmington, MO
22100		29187	63884	St. Francois County, MO
22260			56588	Fergus Falls, MN
22260		27111	56588	Otter Tail County, MN
22280			52641	Fernley, NV
22280		32019	52641	Lyon County, NV
22300			74538	Findlay, OH
22300		39063	74538	Hancock County, OH
22340			27653	Fitzgerald, GA
22340		13017	17567	Ben Hill County, GA
22340		13155	10086	Irwin County, GA
22580			63415	Forest City, NC
22580		37161	63415	Rutherford County, NC
22620			26255	Forrest City, AR
22620		5123	26255	St. Francis County, AR
22700			38346	Fort Dodge, IA
22700		19187	38346	Webster County, IA
22780			46457	Fort Leonard Wood, MO
22780		29169	46457	Pulaski County, MO
22800			42574	Fort Madison-Keokuk, IA-MO
22800		19111	35447	Lee County, IA
22800		29045	7127	Clark County, MO
22820			27850	Fort Morgan, CO
22820		8087	27850	Morgan County, CO
22840			69380	Fort Payne, AL
22840		1049	69380	DeKalb County, AL
22860			46616	Fort Polk South, LA
22860		22115	46616	Vernon Parish, LA
22980			27247	Fort Valley, GA
22980		13225	27247	Peach County, GA
23140			34367	Frankfort, IN
23140		18023	34367	Clinton County, IN
23180			70758	Frankfort, KY
23180		21005	21790	Anderson County, KY
23180		21073	48968	Franklin County, KY
23240			24180	Fredericksburg, TX
23240		48171	24180	Gillespie County, TX
23300			46537	Freeport, IL
23300		17177	46537	Stephenson County, IL
23340			35640	Fremont, NE
23340		31053	35640	Dodge County, NE
23380			60071	Fremont, OH
23380		39143	60071	Sandusky County, OH
23500			54714	Gaffney, SC
23500		45021	54714	Cherokee County, SC
23620			38650	Gainesville, TX
23620		48097	38650	Cooke County, TX
23660			69057	Galesburg, IL
23660		17095	51648	Knox County, IL
23660		17187	17409	Warren County, IL
23700			70513	Gallup, NM
23700		35031	70513	McKinley County, NM
23780			42074	Garden City, KS
23780		20055	42074	Finney County, KS
23820			45464	Gardnerville Ranchos, NV
23820		32005	45464	Douglas County, NV
23860			60703	Georgetown, SC
23860		45043	60703	Georgetown County, SC
23900			102323	Gettysburg, PA
23900		42001	102323	Adams County, PA
23940			43967	Gillette, WY
23940		56005	43967	Campbell County, WY
23980			51810	Glasgow, KY
23980		21009	41747	Barren County, KY
23980		21169	10063	Metcalfe County, KY
24100			55053	Gloversville, NY
24100		36035	55053	Fulton County, NY
24180			59493	Granbury, TX
24180		48221	51462	Hood County, TX
24180		48425	8031	Somervell County, TX
24260			71596	Grand Island, NE
24260		31079	57487	Hall County, NE
24260		31093	6443	Howard County, NE
24260		31121	7666	Merrick County, NE
24380			27036	Grants, NM
24380		35006	27036	Cibola County, NM
24420			81026	Grants Pass, OR
24420		41033	81026	Josephine County, OR
24460			27464	Great Bend, KS
24460		20009	27464	Barton County, KS
24620			66282	Greeneville, TN
24620		47059	66282	Greene County, TN
24700			25079	Greensburg, IN
24700		18031	25079	Decatur County, IN
24740			54616	Greenville, MS
24740		28151	54616	Washington County, MS
24820			51814	Greenville, OH
24820		39037	51814	Darke County, OH
24900			44841	Greenwood, MS
24900		28015	10278	Carroll County, MS
24900		28083	34563	Leflore County, MS
24940			69671	Greenwood, SC
24940		45047	69671	Greenwood County, SC
24980			23046	Grenada, MS
24980		28043	23046	Grenada County, MS
25100			21135	Guymon, OK
25100		40139	21135	Texas County, OK
25220			118688	Hammond, LA
25220		22105	118688	Tangipahoa Parish, LA
25300			38083	Hannibal, MO
25300		29127	28449	Marion County, MO
25300		29173	9634	Ralls County, MO
25340			53508	Harriman, TN
25340		47145	53508	Roane County, TN
25380			25738	Harrisburg, IL
25380		17165	25738	Saline County, IL
25460			45012	Harrison, AR
25460		5009	36821	Boone County, AR
25460		5101	8191	Newton County, AR
25580			39529	Hastings, NE
25580		31001	33324	Adams County, NE
25580		31035	6205	Clay County, NE
25660			16632	Havre, MT
25660		30041	16632	Hill County, MT
25700			27739	Hays, KS
25700		20051	27739	Ellis County, KS
25720			21600	Heber, UT
25720		49051	21600	Wasatch County, UT
25740			73412	Helena, MT
25740		30043	11470	Jefferson County, MT
25740		30049	61942	Lewis and Clark County, MT
25760			20921	Helena-West Helena, AR
25760		5107	20921	Phillips County, AR
25780			43056	Henderson, NC
25780		37181	43056	Vance County, NC
25820			18353	Hereford, TX
25820		48117	18353	Deaf Smith County, TX
25900			177835	Hilo, HI
25900		15001	177835	Hawaii County, HI
25940			178436	Hilton Head Island-Beaufort, SC
25940		45013	155215	Beaufort County, SC
25940		45053	23221	Jasper County, SC
26020			60232	Hobbs, NM
26020		35025	60232	Lea County, NM
26140			140357	Homosassa Springs, FL
26140		12017	140357	Citrus County, FL
26220			21883	Hood River, OR
26220		41027	21883	Hood River County, OR
26260			32191	Hope, AR
26260		5057	23027	Hempstead County, AR
26260		5099	9164	Nevada County, AR
26340			37638	Houghton, MI
26340		26061	35333	Houghton County, MI
26340		26083	2305	Keweenaw County, MI
26460			61618	Hudson, NY
26460		36021	61618	Columbia County, NY
26480			49468	Humboldt, TN
26480		47053	49468	Gibson County, TN
26500			45395	Huntingdon, PA
26500		42061	45395	Huntingdon County, PA
26540			37777	Huntington, IN
26540		18069	37777	Huntington County, IN
26660			64119	Huntsville, TX
26660		48471	64119	Walker County, TX
26700			16266	Huron, SD
26700		46005	16266	Beadle County, SD
26740			63357	Hutchinson, KS
26740		20155	63357	Reno County, KS
26780			36939	Hutchinson, MN
26780		27085	36939	McLeod County, MN
26860			87450	Indiana, PA
26860		42063	87450	Indiana County, PA
26940			29610	Indianola, MS
26940		28133	29610	Sunflower County, MS
27020			31245	Iron Mountain, MI-WI
27020		26043	26691	Dickinson County, MI
27020		55037	4554	Florence County, WI
27220			30047	Jackson, WY-ID
27220		16081	9337	Teton County, ID
27220		56039	20710	Teton County, WY
27300			40090	Jacksonville, IL
27300		17137	34897	Morgan County, IL
27300		17171	5193	Scott County, IL
27380			48473	Jacksonville, TX
27380		48073	48473	Cherokee County, TX
27420			20463	Jamestown, ND
27420		38093	20463	Stutsman County, ND
27460			133503	Jamestown-Dunkirk-Fredonia, NY
27460		36013	133503	Chautauqua County, NY
27540			53678	Jasper, IN
27540		18037	41419	Dubois County, IN
27540		18125	12259	Pike County, IN
27660			31097	Jennings, LA
27660		22053	31097	Jefferson Davis Parish, LA
27700			29407	Jesup, GA
27700		13305	29407	Wayne County, GA
27940			30796	Juneau, AK
27940		2110	30796	Juneau City and Borough, AK
27980			145157	Kahului-Wailuku, HI
27980		15009	145157	Maui County, HI
28060			89624	Kalispell, MT
28060		30029	89624	Flathead County, MT
28180			64529	Kapaa, HI
28180		15007	64529	Kauai County, HI
28260			52274	Kearney, NE
28260		31019	45814	Buffalo County, NE
28260		31099	6460	Kearney County, NE
28300			77045	Keene, NH
28300		33005	77045	Cheshire County, NH
28340			48028	Kendallville, IN
28340		18113	48028	Noble County, IN
28380			31039	Kennett, MO
28380		29069	31039	Dunklin County, MO
28500			48381	Kerrville, TX
28500		48265	48381	Kerr County, TX
28540			13005	Ketchikan, AK
28540		2130	13005	Ketchikan Gateway Borough, AK
28580			73165	Key West, FL
28580		12087	73165	Monroe County, FL
28620			34296	Kill Devil Hills, NC
28620		37055	34296	Dare County, NC
28780			31016	Kingsville, TX
28780		48261	369	Kenedy County, TX
28780		48273	30647	Kleberg County, TX
28820			56387	Kinston, NC
28820		37107	56387	Lenoir County, NC
28860			29279	Kirksville, MO
28860		29001	25135	Adair County, MO
28860		29197	4144	Schuyler County, MO
28900			66247	Klamath Falls, OR
28900		41035	66247	Klamath County, OR
28980			13346	Kodiak, AK
28980		2150	13346	Kodiak Island Borough, AK
29060			61358	Laconia, NH
29060		33001	61358	Belknap County, NH
29220			40970	La Follette, TN
29220		47013	40970	Campbell County, TN
29260			25038	La Grande, OR
29260		41061	25038	Union County, OR
29300			64653	LaGrange, GA
29300		13285	64653	Troup County, GA
29380			69264	Lake City, FL
29380		12023	69264	Columbia County, FL
29500			13657	Lamesa, TX
29500		48115	13657	Dawson County, TX
29580			77767	Lancaster, SC
29580		45057	77767	Lancaster County, SC
29660			33979	Laramie, WY
29660		56001	33979	Albany County, WY
29780			28323	Las Vegas, NM
29780		35047	28323	San Miguel County, NM
29860			85716	Laurel, MS
29860		28061	17940	Jasper County, MS
29860		28067	67776	Jones County, MS
29900			36292	Laurinburg, NC
29900		37165	36292	Scotland County, NC
29980			41314	Lawrenceburg, TN
29980		47099	41314	Lawrence County, TN
30060			35432	Lebanon, MO
30060		29105	35432	Laclede County, MO
30100			171739	Lebanon, NH-VT
30100		33009	86291	Grafton County, NH
30100		50017	28896	Orange County, VT
30100		50027	56552	Windsor County, VT
30220			22272	Levelland, TX
30220		48219	22272	Hockley County, TX
30260			43560	Lewisburg, PA
30260		42119	43560	Union County, PA
30280			30279	Lewisburg, TN
30280		47117	30279	Marshall County, TN
30380			45937	Lewistown, PA
30380		42087	45937	Mifflin County, PA
30420			26920	Lexington, NE
30420		31047	25076	Dawson County, NE
30420		31073	1844	Gosper County, NE
30500			102999	Lexington Park, MD
30500		24037	102999	St. Mary's County, MD
30580			23013	Liberal, KS
30580		20175	23013	Seward County, KS
30660			29776	Lincoln, IL
30660		17107	29776	Logan County, IL
30740			76043	Lincolnton, NC
30740		37109	76043	Lincoln County, NC
30820			36797	Lock Haven, PA
30820		42035	36797	Clinton County, PA
30900			39065	Logansport, IN
30900		18017	39065	Cass County, IN
30940			57749	London, KY
30940		21125	57749	Laurel County, KY
31060			18074	Los Alamos, NM
31060		35028	18074	Los Alamos County, NM
31260			83675	Lufkin, TX
31260		48005	83675	Angelina County, TX
31300			129559	Lumberton, NC
31300		37155	129559	Robeson County, NC
31380			32770	Macomb, IL
31380		17109	32770	McDonough County, IL
31500			33010	Madison, IN
31500		18077	33010	Jefferson County, IN
31580			46167	Madisonville, KY
31580		21107	46167	Hopkins County, KY
31620			23854	Magnolia, AR
31620		5027	23854	Columbia County, AR
31660			50274	Malone, NY
31660		36033	50274	Franklin County, NY
31820			80583	Manitowoc, WI
31820		55071	80583	Manitowoc County, WI
31940			65937	Marinette, WI-MI
31940		26109	23969	Menominee County, MI
31940		55075	41968	Marinette County, WI
31980			68796	Marion, IN
31980		18053	68796	Grant County, IN
32020			65655	Marion, OH
32020		39101	65655	Marion County, OH
32060			65169	Marion-Herrin, IL
32060		17199	65169	Williamson County, IL
32100			65703	Marquette, MI
32100		26103	65703	Marquette County, MI
32140			25074	Marshall, MN
32140		27083	25074	Lyon County, MN
32180			22821	Marshall, MO
32180		29195	22821	Saline County, MO
32220			64795	Marshall, TX
32220		48203	64795	Harrison County, TX
32260			39259	Marshalltown, IA
32260		19127	39259	Marshall County, IA
32270			73932	Marshfield-Wisconsin Rapids, WI
32270		55141	73932	Wood County, WI
32280			33459	Martin, TN
32280		47183	33459	Weakley County, TN
32300			69523	Martinsville, VA
32300		51089	54888	Henry County, VA
32300		51690	14635	Martinsville city, VA
32340			22130	Maryville, MO
32340		29147	22130	Nodaway County, MO
32380			51150	Mason City, IA
32380		19033	43609	Cerro Gordo County, IA
32380		19195	7541	Worth County, IA
32460			37719	Mayfield, KY
32460		21083	37719	Graves County, KY
32500			31130	Maysville, KY
32500		21135	13752	Lewis County, KY
32500		21161	17378	Mason County, KY
32540			45211	McAlester, OK
32540		40121	45211	Pittsburg County, OK
32620			52872	McComb, MS
32620		28005	13038	Amite County, MS
32620		28113	39834	Pike County, MS
32660			40481	McMinnville, TN
32660		47177	40481	Warren County, TN
32700			28866	McPherson, KS
32700		20113	28866	McPherson County, KS
32740			88521	Meadville, PA
32740		42039	88521	Crawford County, PA
32860			42968	Menomonie, WI
32860		55033	42968	Dunn County, WI
32940			106139	Meridian, MS
32940		28023	17207	Clarke County, MS
32940		28069	9833	Kemper County, MS
32940		28075	79099	Lauderdale County, MS
32980			29404	Merrill, WI
32980		55069	29404	Lincoln County, WI
33020			25556	Mexico, MO
33020		29007	25556	Audrain County, MO
33060			31629	Miami, OK
33060		40115	31629	Ottawa County, OK
33180			28972	Middlesborough, KY
33180		21013	28972	Bell County, KY
33220			82548	Midland, MI
33220		26111	82548	Midland County, MI
33300			55556	Milledgeville, GA
33300		13009	46337	Baldwin County, GA
33300		13141	9219	Hancock County, GA
33380			40544	Minden, LA
33380		22119	40544	Webster Parish, LA
33420			27567	Mineral Wells, TX
33420		48363	27567	Palo Pinto County, TX
33500			64412	Minot, ND
33500		38049	5173	McHenry County, ND
33500		38075	2227	Renville County, ND
33500		38101	57012	Ward County, ND
33580			22482	Mitchell, SD
33580		46035	18929	Davison County, SD
33580		46061	3553	Hanson County, SD
33620			25501	Moberly, MO
33620		29175	25501	Randolph County, MO
33820			36110	Monroe, WI
33820		55045	36110	Green County, WI
33940			41412	Montrose, CO
33940		8085	41412	Montrose County, CO
33980			64423	Morehead City, NC
33980		37031	64423	Carteret County, NC
34020			50815	Morgan City, LA
34020		22101	50815	St. Mary Parish, LA
34140			38046	Moscow, ID
34140		16057	38046	Latah County, ID
34180			88098	Moses Lake, WA
34180		53025	88098	Grant County, WA
34220			45596	Moultrie, GA
34220		13071	45596	Colquitt County, GA
34260			42157	Mountain Home, AR
34260		5005	42157	Baxter County, AR
34300			28820	Mountain Home, ID
34300		16039	28820	Elmore County, ID
34340			72496	Mount Airy, NC
34340		37171	72496	Surry County, NC
34380			67176	Mount Pleasant, MI
34380		26073	67176	Isabella County, MI
34420			30206	Mount Pleasant, TX
34420		48449	30206	Titus County, TX
34460			44046	Mount Sterling, KY
34460		21011	11618	Bath County, KY
34460		21165	6593	Menifee County, KY
34460		21173	25835	Montgomery County, KY
34500			48040	Mount Vernon, IL
34500		17065	8096	Hamilton County, IL
34500		17081	39944	Jefferson County, IL
34540			59637	Mount Vernon, OH
34540		39083	59637	Knox County, OH
34660			36348	Murray, KY
34660		21035	36348	Calloway County, KY
34700			54179	Muscatine, IA
34700		19115	11245	Louisa County, IA
34700		19139	42934	Muscatine County, IA
34780			71412	Muskogee, OK
34780		40101	71412	Muskogee County, OK
34860			64117	Nacogdoches, TX
34860		48347	64117	Nacogdoches County, TX
35020			49711	Natchez, MS-LA
35020		22029	18989	Concordia Parish, LA
35020		28001	30722	Adams County, MS
35060			39255	Natchitoches, LA
35060		22069	39255	Natchitoches Parish, LA
35100			121022	New Bern, NC
35100		37049	98529	Craven County, NC
35100		37103	10071	Jones County, NC
35100		37137	12422	Pamlico County, NC
35140			38763	Newberry, SC
35140		45071	38763	Newberry County, SC
35220			47827	New Castle, IN
35220		18065	47827	Henry County, IN
35260			90160	New Castle, PA
35260		42073	90160	Lawrence County, PA
35340			75101	New Iberia, LA
35340		22045	75101	Iberia Parish, LA
35420			91137	New Philadelphia-Dover, OH
35420		39157	91137	Tuscarawas County, OH
35460			36047	Newport, TN
35460		47029	36047	Cocke County, TN
35500			36257	Newton, IA
35500		19099	36257	Jasper County, IA
35580			25603	New Ulm, MN
35580		27015	25603	Brown County, MN
35700			43771	Nogales, AZ
35700		4023	43771	Santa Cruz County, AZ
35740			48000	Norfolk, NE
35740		31119	34505	Madison County, NE
35740		31139	7184	Pierce County, NE
35740		31167	6311	Stanton County, NE
35820			36890	North Platte, NE
35820		31111	35670	Lincoln County, NE
35820		31113	732	Logan County, NE
35820		31117	488	McPherson County, NE
35860			28043	North Vernon, IN
35860		18079	28043	Jennings County, IN
35900			66555	North Wilkesboro, NC
35900		37193	66555	Wilkes County, NC
35940			59849	Norwalk, OH
35940		39077	59849	Huron County, OH
36020			81054	Oak Harbor, WA
36020		53029	81054	Island County, WA
36060			46123	Oak Hill, WV
36060		54019	46123	Fayette County, WV
36180			49122	Ocean Pines, MD
36180		24047	49122	Worcester County, MD
36300			109715	Ogdensburg-Massena, NY
36300		36089	109715	St. Lawrence County, NY
36340			54183	Oil City, PA
36340		42121	54183	Venango County, PA
36380			40241	Okeechobee, FL
36380		12093	40241	Okeechobee County, FL
36460			79689	Olean, NY
36460		36009	79689	Cattaraugus County, NY
36580			61602	Oneonta, NY
36580		36077	61602	Otsego County, NY
36620			53844	Ontario, OR-ID
36620		16075	23099	Payette County, ID
36620		41045	30745	Malheur County, OR
36660			92326	Opelousas-Eunice, LA
36660		22097	92326	St. Landry Parish, LA
36700			90112	Orangeburg, SC
36700		45075	90112	Orangeburg County, SC
36820			22000	Oskaloosa, IA
36820		19123	22000	Mahaska County, IA
36860			153206	Ottawa-Streator, IL
36860		17011	34699	Bureau County, IL
36860		17099	112498	LaSalle County, IL
36860		17155	6009	Putnam County, IL
36900			35334	Ottumwa, IA
36900		19179	35334	Wapello County, IA
36940			36775	Owatonna, MN
36940		27147	36775	Steele County, MN
37020			70006	Owosso, MI
37020		26155	70006	Shiawassee County, MI
37060			43975	Oxford, MS
37060		28071	43975	Lafayette County, MS
37140			98609	Paducah, KY-IL
37140		17127	14970	Massac County, IL
37140		21007	8161	Ballard County, KY
37140		21139	9598	Livingston County, KY
37140		21145	65880	McCracken County, KY
37220			44234	Pahrump, NV
37220		32023	44234	Nye County, NV
37260			72893	Palatka, FL
37260		12107	72893	Putnam County, FL
37300			57001	Palestine, TX
37300		48001	57001	Anderson County, TX
37420			22952	Pampa, TX
37420		48179	22074	Gray County, TX
37420		48393	878	Roberts County, TX
37500			40996	Paragould, AR
37500		5055	40996	Greene County, AR
37540			31876	Paris, TN
37540		47079	31876	Henry County, TN
37580			48965	Paris, TX
37580		48277	48965	Lamar County, TX
37660			21776	Parsons, KS
37660		20099	21776	Labette County, KS
37740			52199	Payson, AZ
37740		4007	52199	Gila County, AZ
37780			11046	Pecos, TX
37780		48389	11046	Reeves County, TX
37800			32682	Pella, IA
37800		19125	32682	Marion County, IA
37820			84880	Pendleton-Hermiston, OR
37820		41049	11533	Morrow County, OR
37820		41059	73347	Umatilla County, OR
37940			36001	Peru, IN
37940		18103	36001	Miami County, IN
38020			55175	Phoenix Lake-Cedar Ridge, CA
38020		6109	55175	Tuolumne County, CA
38100			57860	Picayune, MS
38100		28109	57860	Pearl River County, MS
38180			19761	Pierre, SD
38180		46065	16969	Hughes County, SD
38180		46117	2792	Stanley County, SD
38200			22874	Pierre Part, LA
38200		22007	22874	Assumption Parish, LA
38260			38869	Pittsburg, KS
38260		20037	38869	Crawford County, KS
38380			35408	Plainview, TX
38380		48189	35408	Hale County, TX
38420			48965	Platteville, WI
38420		55043	48965	Grant County, WI
38460			81618	Plattsburgh, NY
38460		36019	81618	Clinton County, NY
38500			46903	Plymouth, IN
38500		18099	46903	Marshall County, IN
38580			56262	Point Pleasant, WV-OH
38580		39053	30694	Gallia County, OH
38580		54053	25568	Mason County, WV
38620			46110	Ponca City, OK
38620		40071	46110	Kay County, OK
38700			37777	Pontiac, IL
38700		17105	37777	Livingston County, IL
38740			41471	Poplar Bluff, MO
38740		29023	41471	Butler County, MO
38780			18817	Portales, NM
38780		35041	18817	Roosevelt County, NM
38820			71413	Port Angeles, WA
38820		53009	71413	Clallam County, WA
39020			76334	Portsmouth, OH
39020		39145	76334	Scioto County, OH
39060			146952	Pottsville, PA
39060		42107	146952	Schuylkill County, PA
39220			19989	Price, UT
39220		49007	19989	Carbon County, UT
39260			22566	Prineville, OR
39260		41013	22566	Crook County, OR
39420			42689	Pullman, WA
39420		53075	42689	Whitman County, WA
39500			76845	Quincy, IL-MO
39500		17001	67054	Adams County, IL
39500		29111	9791	Lewis County, MO
39700			20395	Raymondville, TX
39700		48489	20395	Willacy County, TX
39780			61138	Red Bluff, CA
39780		6103	61138	Tehama County, CA
39860			45836	Red Wing, MN
39860		27049	45836	Goodhue County, MN
39940			51131	Rexburg, ID
39940		16043	12691	Fremont County, ID
39940		16065	38440	Madison County, ID
39980			67552	Richmond, IN
39980		18177	67552	Wayne County, IN
40080			99762	Richmond-Berea, KY
40080		21151	83258	Madison County, KY
40080		21203	16504	Rockcastle County, KY
40100			62671	Rio Grande City-Roma, TX
40100		48427	62671	Starr County, TX
40180			38719	Riverton, WY
40180		56013	38719	Fremont County, WY
40260			74718	Roanoke Rapids, NC
40260		37083	54582	Halifax County, NC
40260		37131	20136	Northampton County, NC
40300			55336	Rochelle, IL
40300		17141	55336	Ogle County, IL
40460			45970	Rockingham, NC
40460		37153	45970	Richmond County, NC
40500			40801	Rockland, ME
40500		23013	40801	Knox County, ME
40540			41226	Rock Springs, WY
40540		56037	41226	Sweetwater County, WY
40620			42248	Rolla, MO
40620		29161	42248	Phelps County, MO
40700			103205	Roseburg, OR
40700		41019	103205	Douglas County, OR
40740			63622	Roswell, NM
40740		35005	63622	Chaves County, NM
40760			21016	Ruidoso, NM
40760		35027	21016	Lincoln County, NM
40780			82710	Russellville, AR
40780		5115	60214	Pope County, AR
40780		5149	22496	Yell County, AR
40820			58349	Ruston, LA
40820		22049	15063	Jackson Parish, LA
40820		22061	43286	Lincoln Parish, LA
40860			63014	Rutland, VT
40860		50021	63014	Rutland County, VT
40940			45086	Safford, AZ
40940		4009	37045	Graham County, AZ
40940		4011	8041	Greenlee County, AZ
41220			48277	St. Marys, GA
41220		13039	48277	Camden County, GA
41260			32011	St. Marys, PA
41260		42047	32011	Elk County, PA
41460			60338	Salina, KS
41460		20143	5974	Ottawa County, KS
41460		20169	54364	Saline County, KS
41580			140798	Salisbury, NC
41580		37159	140798	Rowan County, NC
41820			60477	Sanford, NC
41820		37105	60477	Lee County, NC
42300			38731	Sault Ste. Marie, MI
42300		26033	38731	Chippewa County, MI
42380			61131	Sayre, PA
42380		42015	61131	Bradford County, PA
42420			37512	Scottsbluff, NE
42420		31007	647	Banner County, NE
42420		31157	36865	Scotts Bluff County, NE
42460			52838	Scottsboro, AL
42460		1071	52838	Jackson County, AL
42500			23624	Scottsburg, IN
42500		18143	23624	Scott County, IN
42580			192747	Seaford, DE
42580		10005	192747	Sussex County, DE
42620			76338	Searcy, AR
42620		5145	76338	White County, AR
42700			98704	Sebring, FL
42700		12055	98704	Highlands County, FL
42740			41421	Sedalia, MO
42740		29159	41421	Pettis County, MO
42780			38519	Selinsgrove, PA
42780		42109	38519	Snyder County, PA
42820			41925	Selma, AL
42820		1047	41925	Dallas County, AL
42860			71514	Seneca, SC
42860		45073	71514	Oconee County, SC
42900			34049	Seneca Falls, NY
42900		36099	34049	Seneca County, NY
42940			86243	Sevierville, TN
42940		47155	86243	Sevier County, TN
42980			42362	Seymour, IN
42980		18071	42362	Jackson County, IN
43060			70274	Shawnee, OK
43060		40125	70274	Pottawatomie County, OK
43140			99274	Shelby, NC
43140		37045	99274	Cleveland County, NC
43180			45947	Shelbyville, TN
43180		47003	45947	Bedford County, TN
43220			58016	Shelton, WA
43220		53045	58016	Mason County, WA
43260			29163	Sheridan, WY
43260		56033	29163	Sheridan County, WY
43320			112975	Show Low, AZ
43320		4017	112975	Navajo County, AZ
43380			48990	Sidney, OH
43380		39149	48990	Shelby County, OH
43420			129518	Sierra Vista-Douglas, AZ
43420		4003	129518	Cochise County, AZ
43460			40855	Sikeston, MO
43460		29201	40855	Scott County, MO
43500			29903	Silver City, NM
43500		35017	29903	Grant County, NM
43540			27239	Silverthorne, CO
43540		8117	27239	Summit County, CO
43660			16222	Snyder, TX
43660		48415	16222	Scurry County, TX
43700			60853	Somerset, KY
43700		21199	60853	Pulaski County, KY
43740			76953	Somerset, PA
43740		42111	76953	Somerset County, PA
43860			87158	Southern Pines-Pinehurst, NC
43860		37125	87158	Moore County, NC
43940			23498	Spearfish, SD
43940		46081	23498	Lawrence County, SD
43980			16617	Spencer, IA
43980		19041	16617	Clay County, IA
44020			16623	Spirit Lake, IA
44020		19059	16623	Dickinson County, IA
44260			44544	Starkville, MS
44260		28105	44544	Oktibbeha County, MS
44340			69213	Statesboro, GA
44340		13031	69213	Bulloch County, GA
44380			158153	Statesville-Mooresville, NC
44380		37097	158153	Iredell County, NC
44420			118147	Staunton-Waynesboro, VA
44420		51015	72020	Augusta County, VA
44420		51790	23886	Staunton city, VA
44420		51820	22241	Waynesboro city, VA
44500			36184	Stephenville, TX
44500		48143	36184	Erath County, TX
44540			20772	Sterling, CO
44540		8075	20772	Logan County, CO
44580			58961	Sterling, IL
44580		17195	58961	Whiteside County, IL
44620			69176	Stevens Point, WI
44620		55097	69176	Portage County, WI
44660			79727	Stillwater, OK
44660		40119	79727	Payne County, OK
44740			19601	Storm Lake, IA
44740		19021	19601	Buena Vista County, IA
44780			61723	Sturgis, MI
44780		26149	61723	St. Joseph County, MI
44860			34581	Sulphur Springs, TX
44860		48223	34581	Hopkins County, TX
44900			26619	Summerville, GA
44900		13055	26619	Chattooga County, GA
44980			91311	Sunbury, PA
44980		42097	91311	Northumberland County, PA
45000			34473	Susanville, CA
45000		6035	34473	Lassen County, CA
45020			14917	Sweetwater, TX
45020		48353	14917	Nolan County, TX
45140			46029	Tahlequah, OK
45140		40021	46029	Cherokee County, OK
45180			80242	Talladega-Sylacauga, AL
45180		1121	80242	Talladega County, AL
45260			11385	Tallulah, LA
45260		22065	11385	Madison Parish, LA
45340			31507	Taos, NM
45340		35055	31507	Taos County, NM
45380			34253	Taylorville, IL
45380		17021	34253	Christian County, IL
45520			24149	The Dalles, OR
45520		41065	24149	Wasco County, OR
45540			77681	The Villages, FL
45540		12119	77681	Sumter County, FL
45580			27551	Thomaston, GA
45580		13293	27551	Upson County, GA
45620			46188	Thomasville, GA
45620		13275	46188	Thomas County, GA
45640			158582	Thomasville-Lexington, NC
45640		37057	158582	Davidson County, NC
45660			56152	Tiffin, OH
45660		39147	56152	Seneca County, OH
45700			42959	Tifton, GA
45700		13277	42959	Tift County, GA
45740			25700	Toccoa, GA
45740		13257	25700	Stephens County, GA
45860			188728	Torrington, CT
45860		9005	188728	Litchfield County, CT
45900			142350	Traverse City, MI
45900		26019	17227	Benzie County, MI
45900		26055	86333	Grand Traverse County, MI
45900		26079	16891	Kalkaska County, MI
45900		26089	21899	Leelanau County, MI
45980			30461	Troy, AL
45980		1109	30461	Pike County, AL
46020			97751	Truckee-Grass Valley, CA
46020		6057	97751	Nevada County, CA
46100			99927	Tullahoma, TN
46100		47031	52521	Coffee County, TN
46100		47051	41310	Franklin County, TN
46100		47127	6096	Moore County, TN
46180			134161	Tupelo, MS
46180		28057	23000	Itawamba County, MS
46180		28081	81913	Lee County, MS
46180		28115	29248	Pontotoc County, MS
46260			21789	Tuskegee, AL
46260		1087	21789	Macon County, AL
46300			96558	Twin Falls, ID
46300		16053	21262	Jerome County, ID
46300		16083	75296	Twin Falls County, ID
46380			86040	Ukiah, CA
46380		6045	86040	Mendocino County, CA
46420			27362	Union, SC
46420		45087	27362	Union County, SC
46460			38245	Union City, TN-KY
46460		21075	6814	Fulton County, KY
46460		47131	31431	Obion County, TN
46500			39713	Urbana, OH
46500		39021	39713	Champaign County, OH
46620			26811	Uvalde, TX
46620		48463	26811	Uvalde County, TX
46740			34320	Valley, AL
46740		1017	34320	Chambers County, AL
46780			28496	Van Wert, OH
46780		39161	28496	Van Wert County, OH
46820			13490	Vermillion, SD
46820		46027	13490	Clay County, SD
46860			31536	Vernal, UT
46860		49047	31536	Uintah County, UT
46900			13541	Vernon, TX
46900		48487	13541	Wilbarger County, TX
46980			48175	Vicksburg, MS
46980		28149	48175	Warren County, MS
47080			36889	Vidalia, GA
47080		13209	8930	Montgomery County, GA
47080		13279	27959	Toombs County, GA
47180			37907	Vincennes, IN
47180		18083	37907	Knox County, IN
47340			32558	Wabash, IN
47340		18169	32558	Wabash County, IN
47420			22331	Wahpeton, ND-MN
47420		27167	6264	Wilkin County, MN
47420		38077	16067	Richland County, ND
47460			59059	Walla Walla, WA
47460		53071	59059	Walla Walla County, WA
47500			39246	Walterboro, SC
47500		45029	39246	Colleton County, SC
47540			46699	Wapakoneta, OH
47540		39011	46699	Auglaize County, OH
47620			40638	Warren, PA
47620		42123	40638	Warren County, PA
47660			52657	Warrensburg, MO
47660		29101	52657	Johnson County, MO
47700			76499	Warsaw, IN
47700		18085	76499	Kosciusko County, IN
47780			30620	Washington, IN
47780		18027	30620	Daviess County, IN
47820			46414	Washington, NC
47820		37013	46414	Beaufort County, NC
47920			28117	Washington Court House, OH
47920		39047	28117	Fayette County, OH
47980			31922	Watertown, SD
47980		46029	26168	Codington County, SD
47980		46057	5754	Hamlin County, SD
48020			80833	Watertown-Fort Atkinson, WI
48020		55055	80833	Jefferson County, WI
48060			118719	Watertown-Fort Drum, NY
48060		36045	118719	Jefferson County, NY
48100			29415	Wauchula, FL
48100		12049	29415	Hardee County, FL
48180			54494	Waycross, GA
48180		13229	18580	Pierce County, GA
48180		13299	35914	Ware County, GA
48460			38921	West Plains, MO
48460		29091	38921	Howell County, MO
48500			20722	West Point, MS
48500		28025	20722	Clay County, MS
48580			100593	Whitewater, WI
48580		55127	100593	Walworth County, WI
48740			117518	Willimantic, CT
48740		9015	117518	Windham County, CT
48780			20451	Williston, ND
48780		38105	20451	Williams County, ND
48820			41123	Willmar, MN
48820		27067	41123	Kandiyohi County, MN
48940			43058	Wilmington, OH
48940		39027	43058	Clinton County, OH
48980			78353	Wilson, NC
48980		37195	78353	Wilson County, NC
49060			33634	Winfield, KS
49060		20035	33634	Cowley County, KS
49100			49436	Winona, MN
49100		27169	49436	Winona County, MN
49260			19959	Woodward, OK
49260		40153	19959	Woodward County, OK
49300			114222	Wooster, OH
49300		39169	114222	Wayne County, OH
49380			20558	Worthington, MN
49380		27105	20558	Nobles County, MN
49460			21986	Yankton, SD
49460		46135	21986	Yankton County, SD
49540			27981	Yazoo City, MS
49540		28163	27981	Yazoo County, MS
49780			84884	Zanesville, OH
49780		39119	84884	Muskingum County, OH
